shop,type,name,imageSrc,url,price,color
COLIN'S,trousers,Женские Бежевые Брюки Прямой Крой,https://img-colinsrus.mncdn.com/mnresize/800/-/Assets/Russia/Originals/128533_0.jpeg?v=1676584988,https://www.colins.ru/p/zhenskye-bezheve-bryuky-pryamoj-kroj-33096,2499,Бежевый
COLIN'S,trousers,Женские Зеленые Брюки Прямой Крой,https://img-colinsrus.mncdn.com/mnresize/800/-/Assets/Russia/Originals/128533_0.jpeg?v=1676584988,https://www.colins.ru/p/zhenskye-zelene-bryuky-pryamoj-kroj-33189,2499,Зеленый
COLIN'S,trousers,Женские Зеленые Брюки Прямой Крой,https://img-colinsrus.mncdn.com/mnresize/800/-/Assets/Russia/Originals/128533_0.jpeg?v=1676584988,https://www.colins.ru/p/zhenskye-zelene-bryuky-pryamoj-kroj-38791,1790,Зеленый
COLIN'S,trousers,Женские Черные Брюки Прямой Крой,https://img-colinsrus.mncdn.com/mnresize/800/-/Assets/Russia/Originals/128533_0.jpeg?v=1676584988,https://www.colins.ru/p/zhenskye-cherne-bryuky-pryamoj-kroj-33179,1790,Черный
COLIN'S,trousers,Женские Синие Брюки Прямой Крой,https://img-colinsrus.mncdn.com/mnresize/800/-/Assets/Russia/Originals/128533_0.jpeg?v=1676584988,https://www.colins.ru/p/zhenskye-synye-bryuky-pryamoj-kroj-33180,1790,Синий
COLIN'S,trousers,Женские Бежевые Брюки Прямой Крой,https://img-colinsrus.mncdn.com/mnresize/800/-/Assets/Russia/Originals/128533_0.jpeg?v=1676584988,https://www.colins.ru/p/zhenskye-bezheve-bryuky-pryamoj-kroj-33384,1790,Бежевый
COLIN'S,trousers,Женские Коричневые Брюки Прямой Крой,https://img-colinsrus.mncdn.com/mnresize/800/-/Assets/Russia/Originals/128533_0.jpeg?v=1676584988,https://www.colins.ru/p/zhenskye-korychneve-bryuky-pryamoj-kroj-36292,1999,Коричневый
COLIN'S,trousers,Женские Коричневые Брюки Широкий Крой,https://img-colinsrus.mncdn.com/mnresize/800/-/Assets/Russia/Originals/128533_0.jpeg?v=1676584988,https://www.colins.ru/p/zhenskye-korychneve-bryuky-shyrokyj-kroj-36653,2295,Коричневый
COLIN'S,trousers,Женские Синие Брюки Широкий Крой,https://img-colinsrus.mncdn.com/mnresize/800/-/Assets/Russia/Originals/128533_0.jpeg?v=1676584988,https://www.colins.ru/p/zhenskye-synye-bryuky-shyrokyj-kroj-38362,3390,Синий
COLIN'S,trousers,Женские Синие Брюки Прямой Крой,https://img-colinsrus.mncdn.com/mnresize/800/-/Assets/Russia/Originals/128533_0.jpeg?v=1676584988,https://www.colins.ru/p/zhenskye-synye-bryuky-pryamoj-kroj-38843,1790,Синий
COLIN'S,trousers,Женские Черные Брюки Прямой Крой,https://img-colinsrus.mncdn.com/mnresize/800/-/Assets/Russia/Originals/128533_0.jpeg?v=1676584988,https://www.colins.ru/p/zhenskye-cherne-bryuky-pryamoj-kroj-38785,1690,Антрацит
COLIN'S,trousers,Женские Бежевые Брюки Прямой Крой,https://img-colinsrus.mncdn.com/mnresize/800/-/Assets/Russia/Originals/128533_0.jpeg?v=1676584988,https://www.colins.ru/p/zhenskye-bezheve-bryuky-pryamoj-kroj-38189,1690,Бежевый
COLIN'S,trousers,Женские Черные Брюки Прямой Крой,https://img-colinsrus.mncdn.com/mnresize/800/-/Assets/Russia/Originals/128533_0.jpeg?v=1676584988,https://www.colins.ru/p/zhenskye-cherne-bryuky-pryamoj-kroj-31801,1299,Антрацит
COLIN'S,trousers,Женские Бежевые Брюки Широкий Крой,https://img-colinsrus.mncdn.com/mnresize/800/-/Assets/Russia/Originals/128533_0.jpeg?v=1676584988,https://www.colins.ru/p/zhenskye-bezheve-bryuky-shyrokyj-kroj-37566,1995,Бежевый
COLIN'S,trousers,Женские Розовые Брюки Прямой Крой,https://img-colinsrus.mncdn.com/mnresize/800/-/Assets/Russia/Originals/128533_0.jpeg?v=1676584988,https://www.colins.ru/p/zhenskye-rozove-bryuky-pryamoj-kroj-39139,1995,Розовый
COLIN'S,trousers,Женские Зеленые Брюки Прямой Крой,https://img-colinsrus.mncdn.com/mnresize/800/-/Assets/Russia/Originals/128533_0.jpeg?v=1676584988,https://www.colins.ru/p/zhenskye-zelene-bryuky-pryamoj-kroj-39018,2590,Зеленый
COLIN'S,trousers,Женские Бежевые Брюки Прямой Крой,https://img-colinsrus.mncdn.com/mnresize/800/-/Assets/Russia/Originals/128533_0.jpeg?v=1676584988,https://www.colins.ru/p/zhenskye-bezheve-bryuky-pryamoj-kroj-38189,1690,Бежевый
COLIN'S,trousers,Женские Серые Брюки Прямой Крой,https://img-colinsrus.mncdn.com/mnresize/800/-/Assets/Russia/Originals/128533_0.jpeg?v=1676584988,https://www.colins.ru/p/zhenskye-sere-bryuky-pryamoj-kroj-32092,1299,Серый
COLIN'S,trousers,Женские Черные Брюки Прямой Крой,https://img-colinsrus.mncdn.com/mnresize/800/-/Assets/Russia/Originals/128533_0.jpeg?v=1676584988,https://www.colins.ru/p/zhenskye-cherne-bryuky-pryamoj-kroj-36234,1999,Черный
COLIN'S,trousers,Женские Зеленые Брюки Прямой Крой,https://img-colinsrus.mncdn.com/mnresize/800/-/Assets/Russia/Originals/128533_0.jpeg?v=1676584988,https://www.colins.ru/p/zhenskye-zelene-bryuky-pryamoj-kroj-39018,2590,Зеленый
COLIN'S,trousers,Женские Бежевые Брюки Широкий Крой,https://img-colinsrus.mncdn.com/mnresize/800/-/Assets/Russia/Originals/128533_0.jpeg?v=1676584988,https://www.colins.ru/p/zhenskye-bezheve-bryuky-shyrokyj-kroj-36675,1999,Бледно-желтый
COLIN'S,trousers,Женские Коричневые Брюки Широкий Крой,https://img-colinsrus.mncdn.com/mnresize/800/-/Assets/Russia/Originals/128533_0.jpeg?v=1676584988,https://www.colins.ru/p/zhenskye-korychneve-bryuky-shyrokyj-kroj-36653,2295,Коричневый
COLIN'S,trousers,Женские Синие Брюки Прямой Крой,https://img-colinsrus.mncdn.com/mnresize/800/-/Assets/Russia/Originals/128533_0.jpeg?v=1676584988,https://www.colins.ru/p/zhenskye-synye-bryuky-pryamoj-kroj-36710,1999,Синий
COLIN'S,trousers,Женские Черные Брюки Зауженный Крой,https://img-colinsrus.mncdn.com/mnresize/800/-/Assets/Russia/Originals/128533_0.jpeg?v=1676584988,https://www.colins.ru/p/zhenskye-cherne-bryuky-zauzhennj-kroj-31809,1299,Черный
COLIN'S,trousers,Женские Белые Брюки Зауженный Крой,https://img-colinsrus.mncdn.com/mnresize/800/-/Assets/Russia/Originals/128533_0.jpeg?v=1676584988,https://www.colins.ru/p/zhenskye-bele-bryuky-zauzhennj-kroj-30869,1299,Белый
COLIN'S,trousers,Женские Бежевые Брюки Широкий Крой,https://img-colinsrus.mncdn.com/mnresize/800/-/Assets/Russia/Originals/128533_0.jpeg?v=1676584988,https://www.colins.ru/p/zhenskye-bezheve-bryuky-shyrokyj-kroj-38605,2795,Бежевый
COLIN'S,trousers,Женские Черные Брюки Прямой Крой,https://img-colinsrus.mncdn.com/mnresize/800/-/Assets/Russia/Originals/128533_0.jpeg?v=1676584988,https://www.colins.ru/p/zhenskye-cherne-bryuky-pryamoj-kroj-35055,2499,Черный
COLIN'S,trousers,Женские Белые Брюки Прямой Крой,https://img-colinsrus.mncdn.com/mnresize/800/-/Assets/Russia/Originals/128533_0.jpeg?v=1676584988,https://www.colins.ru/p/zhenskye-bele-bryuky-pryamoj-kroj-35616,2499,Белый
COLIN'S,trousers,Женские Зеленые Брюки Зауженный Крой,https://img-colinsrus.mncdn.com/mnresize/800/-/Assets/Russia/Originals/128533_0.jpeg?v=1676584988,https://www.colins.ru/p/zhenskye-zelene-bryuky-zauzhennj-kroj-38555,2795,Зеленый
COLIN'S,tshirt,жен. Футболки Короткий рукав,https://img-colinsrus.mncdn.com/mnresize/800/-/Assets/Russia/Originals/143576_0.jpeg?v=1680208194,https://www.colins.ru/p/zhen-futbolky-korotkyj-rukav-40938,1390,Белый
COLIN'S,tshirt,жен. Футболки Короткий рукав,https://img-colinsrus.mncdn.com/mnresize/800/-/Assets/Russia/Originals/143576_0.jpeg?v=1680208194,https://www.colins.ru/p/zhen-futbolky-korotkyj-rukav-41041,1390,Белый
COLIN'S,tshirt,жен. Футболки Короткий рукав,https://img-colinsrus.mncdn.com/mnresize/800/-/Assets/Russia/Originals/143576_0.jpeg?v=1680208194,https://www.colins.ru/p/zhen-futbolky-korotkyj-rukav-41015,2290,Зеленый
COLIN'S,tshirt,жен. Футболки Короткий рукав,https://img-colinsrus.mncdn.com/mnresize/800/-/Assets/Russia/Originals/143576_0.jpeg?v=1680208194,https://www.colins.ru/p/zhen-futbolky-korotkyj-rukav-41112,2290,Черный
COLIN'S,tshirt,жен. Футболки Короткий рукав,https://img-colinsrus.mncdn.com/mnresize/800/-/Assets/Russia/Originals/143576_0.jpeg?v=1680208194,https://www.colins.ru/p/zhen-futbolky-korotkyj-rukav-41112,2290,Черный
COLIN'S,tshirt,Женские Футболки Короткий Рукав  V-Collar Cl1058136,https://img-colinsrus.mncdn.com/mnresize/800/-/Assets/Russia/Originals/143576_0.jpeg?v=1680208194,https://www.colins.ru/p/zhenskye-futbolky-korotkyj-rukav-v-collar-cl1058136-35310,1299,Коричневый
COLIN'S,tshirt,Женские Футболки Короткий Рукав Антрацит Regular Fit Cl1063439,https://img-colinsrus.mncdn.com/mnresize/800/-/Assets/Russia/Originals/143576_0.jpeg?v=1680208194,https://www.colins.ru/p/zhenskye-futbolky-korotkyj-rukav-antracyt-regular-fit-cl1063439-39080,790,Антрацит
COLIN'S,tshirt,Женские Футболки Короткий Рукав Бежевый  Cl1059783,https://img-colinsrus.mncdn.com/mnresize/800/-/Assets/Russia/Originals/143576_0.jpeg?v=1680208194,https://www.colins.ru/p/zhenskye-futbolky-korotkyj-rukav-bezhevj-cl1059783-37471,1195,Бежевый
COLIN'S,tshirt,Женские Футболки Короткий Рукав Бежевый  Cl1060573,https://img-colinsrus.mncdn.com/mnresize/800/-/Assets/Russia/Originals/143576_0.jpeg?v=1680208194,https://www.colins.ru/p/zhenskye-futbolky-korotkyj-rukav-bezhevj-cl1060573-37452,995,Бежевый
COLIN'S,tshirt,Женские Футболки Короткий Рукав Бежевый Slim Fit Cl1063445,https://img-colinsrus.mncdn.com/mnresize/800/-/Assets/Russia/Originals/143576_0.jpeg?v=1680208194,https://www.colins.ru/p/zhenskye-futbolky-korotkyj-rukav-bezhevj-slim-fit-cl1063445-38897,790,Бежевый
COLIN'S,tshirt,Женские Футболки Короткий Рукав Белый  Cl1060199,https://img-colinsrus.mncdn.com/mnresize/800/-/Assets/Russia/Originals/143576_0.jpeg?v=1680208194,https://www.colins.ru/p/zhenskye-futbolky-korotkyj-rukav-belj-cl1060199-37509,995,Белый
COLIN'S,tshirt,Женские Футболки Короткий Рукав Белый Comfort Fit Cl1062541,https://img-colinsrus.mncdn.com/mnresize/800/-/Assets/Russia/Originals/143576_0.jpeg?v=1680208194,https://www.colins.ru/p/zhenskye-futbolky-korotkyj-rukav-belj-comfort-fit-cl1062541-38911,1590,Белый
COLIN'S,tshirt,Женские Футболки Короткий Рукав Белый Comfort Fit Cl1062542,https://img-colinsrus.mncdn.com/mnresize/800/-/Assets/Russia/Originals/143576_0.jpeg?v=1680208194,https://www.colins.ru/p/zhenskye-futbolky-korotkyj-rukav-belj-comfort-fit-cl1062542-38581,1390,Белый
COLIN'S,tshirt,Женские Футболки Короткий Рукав Белый Comfort Fit Cl1063311,https://img-colinsrus.mncdn.com/mnresize/800/-/Assets/Russia/Originals/143576_0.jpeg?v=1680208194,https://www.colins.ru/p/zhenskye-futbolky-korotkyj-rukav-belj-comfort-fit-cl1063311-38440,1390,Белый
COLIN'S,tshirt,Женские Футболки Короткий Рукав Белый Comfort Fit Cl1063420,https://img-colinsrus.mncdn.com/mnresize/800/-/Assets/Russia/Originals/143576_0.jpeg?v=1680208194,https://www.colins.ru/p/zhenskye-futbolky-korotkyj-rukav-belj-comfort-fit-cl1063420-38552,990,Белый
COLIN'S,tshirt,Женские Футболки Короткий Рукав Зеленый Comfort Fit Cl1063420,https://img-colinsrus.mncdn.com/mnresize/800/-/Assets/Russia/Originals/143576_0.jpeg?v=1680208194,https://www.colins.ru/p/zhenskye-futbolky-korotkyj-rukav-zelenj-comfort-fit-cl1063420-38339,990,Зеленый
COLIN'S,tshirt,Женские Футболки Короткий Рукав Черный Comfort Fit Cl1063420,https://img-colinsrus.mncdn.com/mnresize/800/-/Assets/Russia/Originals/143576_0.jpeg?v=1680208194,https://www.colins.ru/p/zhenskye-futbolky-korotkyj-rukav-chernj-comfort-fit-cl1063420-38994,990,Черный
COLIN'S,tshirt,Женские Футболки Короткий Рукав Белый Regular Fit Cl1062529,https://img-colinsrus.mncdn.com/mnresize/800/-/Assets/Russia/Originals/143576_0.jpeg?v=1680208194,https://www.colins.ru/p/zhenskye-futbolky-korotkyj-rukav-belj-regular-fit-cl1062529-38601,1190,Белый
COLIN'S,tshirt,Женские Футболки Короткий Рукав Белый Regular Fit Cl1062552,https://img-colinsrus.mncdn.com/mnresize/800/-/Assets/Russia/Originals/143576_0.jpeg?v=1680208194,https://www.colins.ru/p/zhenskye-futbolky-korotkyj-rukav-belj-regular-fit-cl1062552-38781,1390,Белый
COLIN'S,tshirt,Женские Футболки Короткий Рукав Белый Regular Fit Cl1062571,https://img-colinsrus.mncdn.com/mnresize/800/-/Assets/Russia/Originals/143576_0.jpeg?v=1680208194,https://www.colins.ru/p/zhenskye-futbolky-korotkyj-rukav-belj-regular-fit-cl1062571-38660,1190,Белый
COLIN'S,tshirt,Женские Футболки Короткий Рукав Белый Regular Fit Cl1062577,https://img-colinsrus.mncdn.com/mnresize/800/-/Assets/Russia/Originals/143576_0.jpeg?v=1680208194,https://www.colins.ru/p/zhenskye-futbolky-korotkyj-rukav-belj-regular-fit-cl1062577-38492,1690,Белый
COLIN'S,tshirt,Женские Футболки Короткий Рукав Белый Regular Fit Cl1063219,https://img-colinsrus.mncdn.com/mnresize/800/-/Assets/Russia/Originals/143576_0.jpeg?v=1680208194,https://www.colins.ru/p/zhenskye-futbolky-korotkyj-rukav-belj-regular-fit-cl1063219-39254,1195,Белый
COLIN'S,tshirt,Женские Футболки Короткий Рукав Белый Regular Fit Cl1063220,https://img-colinsrus.mncdn.com/mnresize/800/-/Assets/Russia/Originals/143576_0.jpeg?v=1680208194,https://www.colins.ru/p/zhenskye-futbolky-korotkyj-rukav-belj-regular-fit-cl1063220-38966,1590,Белый
COLIN'S,tshirt,Женские Футболки Короткий Рукав Белый Regular Fit Cl1063225,https://img-colinsrus.mncdn.com/mnresize/800/-/Assets/Russia/Originals/143576_0.jpeg?v=1680208194,https://www.colins.ru/p/zhenskye-futbolky-korotkyj-rukav-belj-regular-fit-cl1063225-38979,1290,Белый
COLIN'S,tshirt,Женские Футболки Короткий Рукав Белый Regular Fit Cl1063243,https://img-colinsrus.mncdn.com/mnresize/800/-/Assets/Russia/Originals/143576_0.jpeg?v=1680208194,https://www.colins.ru/p/zhenskye-futbolky-korotkyj-rukav-belj-regular-fit-cl1063243-38855,1290,Белый
COLIN'S,tshirt,Женские Футболки Короткий Рукав Белый Regular Fit Cl1063266,https://img-colinsrus.mncdn.com/mnresize/800/-/Assets/Russia/Originals/143576_0.jpeg?v=1680208194,https://www.colins.ru/p/zhenskye-futbolky-korotkyj-rukav-belj-regular-fit-cl1063266-38355,1390,Белый
COLIN'S,tshirt,Женские Футболки Короткий Рукав Белый Regular Fit Cl1063294,https://img-colinsrus.mncdn.com/mnresize/800/-/Assets/Russia/Originals/143576_0.jpeg?v=1680208194,https://www.colins.ru/p/zhenskye-futbolky-korotkyj-rukav-belj-regular-fit-cl1063294-38227,1290,Белый
COLIN'S,tshirt,Женские Футболки Короткий Рукав Белый Regular Fit Cl1063296,https://img-colinsrus.mncdn.com/mnresize/800/-/Assets/Russia/Originals/143576_0.jpeg?v=1680208194,https://www.colins.ru/p/zhenskye-futbolky-korotkyj-rukav-belj-regular-fit-cl1063296-38764,1290,Белый
COLIN'S,tshirt,Женские Футболки Короткий Рукав Белый Regular Fit Cl1063303,https://img-colinsrus.mncdn.com/mnresize/800/-/Assets/Russia/Originals/143576_0.jpeg?v=1680208194,https://www.colins.ru/p/zhenskye-futbolky-korotkyj-rukav-belj-regular-fit-cl1063303-38625,1190,Белый
COLIN'S,tshirt,Женские Футболки Короткий Рукав Белый Regular Fit Cl1063314,https://img-colinsrus.mncdn.com/mnresize/800/-/Assets/Russia/Originals/143576_0.jpeg?v=1680208194,https://www.colins.ru/p/zhenskye-futbolky-korotkyj-rukav-belj-regular-fit-cl1063314-39308,1290,Белый
COLIN'S,tshirt,Женские Футболки Короткий Рукав Белый Regular Fit Cl1063319,https://img-colinsrus.mncdn.com/mnresize/800/-/Assets/Russia/Originals/143576_0.jpeg?v=1680208194,https://www.colins.ru/p/zhenskye-futbolky-korotkyj-rukav-belj-regular-fit-cl1063319-39103,1390,Белый
COLIN'S,tshirt,Женские Футболки Короткий Рукав Белый Regular Fit Cl1063380,https://img-colinsrus.mncdn.com/mnresize/800/-/Assets/Russia/Originals/143576_0.jpeg?v=1680208194,https://www.colins.ru/p/zhenskye-futbolky-korotkyj-rukav-belj-regular-fit-cl1063380-38771,1290,Белый
COLIN'S,tshirt,Женские Футболки Короткий Рукав Белый Regular Fit Cl1063381,https://img-colinsrus.mncdn.com/mnresize/800/-/Assets/Russia/Originals/143576_0.jpeg?v=1680208194,https://www.colins.ru/p/zhenskye-futbolky-korotkyj-rukav-belj-regular-fit-cl1063381-38524,995,Белый
COLIN'S,tshirt,Женские Футболки Короткий Рукав Белый Regular Fit Cl1063418,https://img-colinsrus.mncdn.com/mnresize/800/-/Assets/Russia/Originals/143576_0.jpeg?v=1680208194,https://www.colins.ru/p/zhenskye-futbolky-korotkyj-rukav-belj-regular-fit-cl1063418-38257,1190,Белый
COLIN'S,tshirt,Женские Футболки Короткий Рукав Коричневый Regular Fit Cl1063418,https://img-colinsrus.mncdn.com/mnresize/800/-/Assets/Russia/Originals/143576_0.jpeg?v=1680208194,https://www.colins.ru/p/zhenskye-futbolky-korotkyj-rukav-korychnevj-regular-fit-cl1063418-39052,1190,Коричневый
COLIN'S,tshirt,Женские Футболки Короткий Рукав Черный Regular Fit Cl1063418,https://img-colinsrus.mncdn.com/mnresize/800/-/Assets/Russia/Originals/143576_0.jpeg?v=1680208194,https://www.colins.ru/p/zhenskye-futbolky-korotkyj-rukav-chernj-regular-fit-cl1063418-39274,1190,Черный
COLIN'S,tshirt,Женские Футболки Короткий Рукав Белый Regular Fit Cl1063419,https://img-colinsrus.mncdn.com/mnresize/800/-/Assets/Russia/Originals/143576_0.jpeg?v=1680208194,https://www.colins.ru/p/zhenskye-futbolky-korotkyj-rukav-belj-regular-fit-cl1063419-38298,990,Белый
COLIN'S,tshirt,Женские Футболки Короткий Рукав Коричневый Regular Fit Cl1063419,https://img-colinsrus.mncdn.com/mnresize/800/-/Assets/Russia/Originals/143576_0.jpeg?v=1680208194,https://www.colins.ru/p/zhenskye-futbolky-korotkyj-rukav-korychnevj-regular-fit-cl1063419-38239,990,Коричневый
COLIN'S,tshirt,Женские Футболки Короткий Рукав Зеленый Regular Fit Cl1063419,https://img-colinsrus.mncdn.com/mnresize/800/-/Assets/Russia/Originals/143576_0.jpeg?v=1680208194,https://www.colins.ru/p/zhenskye-futbolky-korotkyj-rukav-zelenj-regular-fit-cl1063419-38652,990,Зеленый
COLIN'S,tshirt,Женские Футболки Короткий Рукав Черный Regular Fit Cl1063419,https://img-colinsrus.mncdn.com/mnresize/800/-/Assets/Russia/Originals/143576_0.jpeg?v=1680208194,https://www.colins.ru/p/zhenskye-futbolky-korotkyj-rukav-chernj-regular-fit-cl1063419-38866,990,Черный
COLIN'S,tshirt,Женские Футболки Короткий Рукав Белый Regular Fit Cl1063443,https://img-colinsrus.mncdn.com/mnresize/800/-/Assets/Russia/Originals/143576_0.jpeg?v=1680208194,https://www.colins.ru/p/zhenskye-futbolky-korotkyj-rukav-belj-regular-fit-cl1063443-38867,790,Белый
COLIN'S,tshirt,Женские Футболки Короткий Рукав Белый Slim Fit Cl1063222,https://img-colinsrus.mncdn.com/mnresize/800/-/Assets/Russia/Originals/143576_0.jpeg?v=1680208194,https://www.colins.ru/p/zhenskye-futbolky-korotkyj-rukav-belj-slim-fit-cl1063222-38215,990,Белый
COLIN'S,tshirt,Женские Футболки Короткий Рукав Белый Slim Fit Cl1063244,https://img-colinsrus.mncdn.com/mnresize/800/-/Assets/Russia/Originals/143576_0.jpeg?v=1680208194,https://www.colins.ru/p/zhenskye-futbolky-korotkyj-rukav-belj-slim-fit-cl1063244-38430,1390,Белый
COLIN'S,tshirt,Женские Футболки Короткий Рукав Белый Slim Fit Cl1063297,https://img-colinsrus.mncdn.com/mnresize/800/-/Assets/Russia/Originals/143576_0.jpeg?v=1680208194,https://www.colins.ru/p/zhenskye-futbolky-korotkyj-rukav-belj-slim-fit-cl1063297-39234,1290,Белый
COLIN'S,tshirt,Женские Футболки Короткий Рукав Белый Slim Fit Cl1063299,https://img-colinsrus.mncdn.com/mnresize/800/-/Assets/Russia/Originals/143576_0.jpeg?v=1680208194,https://www.colins.ru/p/zhenskye-futbolky-korotkyj-rukav-belj-slim-fit-cl1063299-38863,995,Белый
COLIN'S,tshirt,Женские Футболки Короткий Рукав Белый Slim Fit Cl1063310,https://img-colinsrus.mncdn.com/mnresize/800/-/Assets/Russia/Originals/143576_0.jpeg?v=1680208194,https://www.colins.ru/p/zhenskye-futbolky-korotkyj-rukav-belj-slim-fit-cl1063310-38485,1590,Белый
COLIN'S,tshirt,Женские Футболки Короткий Рукав Белый Slim Fit Cl1063461,https://img-colinsrus.mncdn.com/mnresize/800/-/Assets/Russia/Originals/143576_0.jpeg?v=1680208194,https://www.colins.ru/p/zhenskye-futbolky-korotkyj-rukav-belj-slim-fit-cl1063461-39088,790,Белый
COLIN'S,tshirt,Женские Футболки Короткий Рукав Черный Slim Fit Cl1063461,https://img-colinsrus.mncdn.com/mnresize/800/-/Assets/Russia/Originals/143576_0.jpeg?v=1680208194,https://www.colins.ru/p/zhenskye-futbolky-korotkyj-rukav-chernj-slim-fit-cl1063461-38441,790,Черный
COLIN'S,tshirt,Женские Футболки Короткий Рукав Бледно-Желтый Regular Fit Cl1062582,https://img-colinsrus.mncdn.com/mnresize/800/-/Assets/Russia/Originals/143576_0.jpeg?v=1680208194,https://www.colins.ru/p/zhenskye-futbolky-korotkyj-rukav-bledno-zheltj-regular-fit-cl1062582-38359,1290,Бледно-желтый
COLIN'S,tshirt,Женские Футболки Короткий Рукав Голубой Regular Fit Cl1063251,https://img-colinsrus.mncdn.com/mnresize/800/-/Assets/Russia/Originals/143576_0.jpeg?v=1680208194,https://www.colins.ru/p/zhenskye-futbolky-korotkyj-rukav-holuboj-regular-fit-cl1063251-39228,1290,Голубой
COLIN'S,tshirt,Женские Футболки Короткий Рукав Голубой Regular Fit Cl1063435,https://img-colinsrus.mncdn.com/mnresize/800/-/Assets/Russia/Originals/143576_0.jpeg?v=1680208194,https://www.colins.ru/p/zhenskye-futbolky-korotkyj-rukav-holuboj-regular-fit-cl1063435-38901,990,Голубой
COLIN'S,tshirt,Женские Футболки Короткий Рукав Голубой Slim Fit Cl1058493,https://img-colinsrus.mncdn.com/mnresize/800/-/Assets/Russia/Originals/143576_0.jpeg?v=1680208194,https://www.colins.ru/p/zhenskye-futbolky-korotkyj-rukav-holuboj-slim-fit-cl1058493-38213,990,Голубой
COLIN'S,tshirt,Женские Футболки Короткий Рукав Черный Boatneck Cl1058493,https://img-colinsrus.mncdn.com/mnresize/800/-/Assets/Russia/Originals/143576_0.jpeg?v=1680208194,https://www.colins.ru/p/zhenskye-futbolky-korotkyj-rukav-chernj-boatneck-cl1058493-35275,990,Черный
COLIN'S,tshirt,Женские Футболки Короткий Рукав Зеленый Boatneck Cl1058493,https://img-colinsrus.mncdn.com/mnresize/800/-/Assets/Russia/Originals/143576_0.jpeg?v=1680208194,https://www.colins.ru/p/zhenskye-futbolky-korotkyj-rukav-zelenj-boatneck-cl1058493-35525,699,Зеленый
COLIN'S,tshirt,Женские Футболки Короткий Рукав Белый Boatneck Cl1058493,https://img-colinsrus.mncdn.com/mnresize/800/-/Assets/Russia/Originals/143576_0.jpeg?v=1680208194,https://www.colins.ru/p/zhenskye-futbolky-korotkyj-rukav-belj-boatneck-cl1058493-35740,990,Белый
COLIN'S,tshirt,Женские Футболки Короткий Рукав Желтый Regular Fit Cl1063233,https://img-colinsrus.mncdn.com/mnresize/800/-/Assets/Russia/Originals/143576_0.jpeg?v=1680208194,https://www.colins.ru/p/zhenskye-futbolky-korotkyj-rukav-zheltj-regular-fit-cl1063233-38275,1290,Желтый
COLIN'S,tshirt,Женские Футболки Короткий Рукав Желтый Regular Fit Cl1063436,https://img-colinsrus.mncdn.com/mnresize/800/-/Assets/Russia/Originals/143576_0.jpeg?v=1680208194,https://www.colins.ru/p/zhenskye-futbolky-korotkyj-rukav-zheltj-regular-fit-cl1063436-38439,990,Желтый
COLIN'S,tshirt,Женские Футболки Короткий Рукав Желтый Round Neck Cl1057348,https://img-colinsrus.mncdn.com/mnresize/800/-/Assets/Russia/Originals/143576_0.jpeg?v=1680208194,https://www.colins.ru/p/zhenskye-futbolky-korotkyj-rukav-zheltj-round-neck-cl1057348-35292,999,Желтый
COLIN'S,tshirt,Женские Футболки Короткий Рукав Зеленый Comfort Fit Cl1063227,https://img-colinsrus.mncdn.com/mnresize/800/-/Assets/Russia/Originals/143576_0.jpeg?v=1680208194,https://www.colins.ru/p/zhenskye-futbolky-korotkyj-rukav-zelenj-comfort-fit-cl1063227-38338,1390,Зеленый
COLIN'S,tshirt,Женские Футболки Короткий Рукав Зеленый Comfort Fit Cl1063420,https://img-colinsrus.mncdn.com/mnresize/800/-/Assets/Russia/Originals/143576_0.jpeg?v=1680208194,https://www.colins.ru/p/zhenskye-futbolky-korotkyj-rukav-zelenj-comfort-fit-cl1063420-38339,990,Зеленый
COLIN'S,tshirt,Женские Футболки Короткий Рукав Белый Comfort Fit Cl1063420,https://img-colinsrus.mncdn.com/mnresize/800/-/Assets/Russia/Originals/143576_0.jpeg?v=1680208194,https://www.colins.ru/p/zhenskye-futbolky-korotkyj-rukav-belj-comfort-fit-cl1063420-38552,990,Белый
COLIN'S,tshirt,Женские Футболки Короткий Рукав Черный Comfort Fit Cl1063420,https://img-colinsrus.mncdn.com/mnresize/800/-/Assets/Russia/Originals/143576_0.jpeg?v=1680208194,https://www.colins.ru/p/zhenskye-futbolky-korotkyj-rukav-chernj-comfort-fit-cl1063420-38994,990,Черный
COLIN'S,tshirt,Женские Футболки Короткий Рукав Зеленый Regular Fit Cl1062567,https://img-colinsrus.mncdn.com/mnresize/800/-/Assets/Russia/Originals/143576_0.jpeg?v=1680208194,https://www.colins.ru/p/zhenskye-futbolky-korotkyj-rukav-zelenj-regular-fit-cl1062567-39115,1590,Зеленый
COLIN'S,tshirt,Женские Футболки Короткий Рукав Зеленый Regular Fit Cl1063431,https://img-colinsrus.mncdn.com/mnresize/800/-/Assets/Russia/Originals/143576_0.jpeg?v=1680208194,https://www.colins.ru/p/zhenskye-futbolky-korotkyj-rukav-zelenj-regular-fit-cl1063431-39134,790,Зеленый
COLIN'S,tshirt,Женские Футболки Короткий Рукав Зеленый Slim Fit Cl1063260,https://img-colinsrus.mncdn.com/mnresize/800/-/Assets/Russia/Originals/143576_0.jpeg?v=1680208194,https://www.colins.ru/p/zhenskye-futbolky-korotkyj-rukav-zelenj-slim-fit-cl1063260-38522,1290,Зеленый
COLIN'S,tshirt,Женские Футболки Короткий Рукав Коралловый Slim Fit Cl1062519,https://img-colinsrus.mncdn.com/mnresize/800/-/Assets/Russia/Originals/143576_0.jpeg?v=1680208194,https://www.colins.ru/p/zhenskye-futbolky-korotkyj-rukav-korallovj-slim-fit-cl1062519-39118,1290,Коралловый
COLIN'S,tshirt,Женские Футболки Короткий Рукав Коралловый Slim Fit Cl1063447,https://img-colinsrus.mncdn.com/mnresize/800/-/Assets/Russia/Originals/143576_0.jpeg?v=1680208194,https://www.colins.ru/p/zhenskye-futbolky-korotkyj-rukav-korallovj-slim-fit-cl1063447-38475,990,Коралловый
COLIN'S,tshirt,Женские Футболки Короткий Рукав Коричневый  Cl1059121,https://img-colinsrus.mncdn.com/mnresize/800/-/Assets/Russia/Originals/143576_0.jpeg?v=1680208194,https://www.colins.ru/p/zhenskye-futbolky-korotkyj-rukav-korychnevj-cl1059121-35788,1499,Коричневый
COLIN'S,tshirt,Женские Футболки Короткий Рукав Коричневый Regular Fit Cl1063419,https://img-colinsrus.mncdn.com/mnresize/800/-/Assets/Russia/Originals/143576_0.jpeg?v=1680208194,https://www.colins.ru/p/zhenskye-futbolky-korotkyj-rukav-korychnevj-regular-fit-cl1063419-38239,990,Коричневый
COLIN'S,tshirt,Женские Футболки Короткий Рукав Белый Regular Fit Cl1063419,https://img-colinsrus.mncdn.com/mnresize/800/-/Assets/Russia/Originals/143576_0.jpeg?v=1680208194,https://www.colins.ru/p/zhenskye-futbolky-korotkyj-rukav-belj-regular-fit-cl1063419-38298,990,Белый
COLIN'S,tshirt,Женские Футболки Короткий Рукав Зеленый Regular Fit Cl1063419,https://img-colinsrus.mncdn.com/mnresize/800/-/Assets/Russia/Originals/143576_0.jpeg?v=1680208194,https://www.colins.ru/p/zhenskye-futbolky-korotkyj-rukav-zelenj-regular-fit-cl1063419-38652,990,Зеленый
COLIN'S,tshirt,Женские Футболки Короткий Рукав Черный Regular Fit Cl1063419,https://img-colinsrus.mncdn.com/mnresize/800/-/Assets/Russia/Originals/143576_0.jpeg?v=1680208194,https://www.colins.ru/p/zhenskye-futbolky-korotkyj-rukav-chernj-regular-fit-cl1063419-38866,990,Черный
COLIN'S,tshirt,Женские Футболки Короткий Рукав Красный Regular Fit Cl1063377,https://img-colinsrus.mncdn.com/mnresize/800/-/Assets/Russia/Originals/143576_0.jpeg?v=1680208194,https://www.colins.ru/p/zhenskye-futbolky-korotkyj-rukav-krasnj-regular-fit-cl1063377-38931,1290,Розовый
COLIN'S,tshirt,Женские Футболки Короткий Рукав Красный Regular Fit Cl1063440,https://img-colinsrus.mncdn.com/mnresize/800/-/Assets/Russia/Originals/143576_0.jpeg?v=1680208194,https://www.colins.ru/p/zhenskye-futbolky-korotkyj-rukav-krasnj-regular-fit-cl1063440-38772,790,Красный
COLIN'S,tshirt,Женские Футболки Короткий Рукав Черный Boatneck Cl1058493,https://img-colinsrus.mncdn.com/mnresize/800/-/Assets/Russia/Originals/143576_0.jpeg?v=1680208194,https://www.colins.ru/p/zhenskye-futbolky-korotkyj-rukav-chernj-boatneck-cl1058493-35275,990,Черный
COLIN'S,tshirt,Женские Футболки Короткий Рукав Зеленый Boatneck Cl1058493,https://img-colinsrus.mncdn.com/mnresize/800/-/Assets/Russia/Originals/143576_0.jpeg?v=1680208194,https://www.colins.ru/p/zhenskye-futbolky-korotkyj-rukav-zelenj-boatneck-cl1058493-35525,699,Зеленый
COLIN'S,tshirt,Женские Футболки Короткий Рукав Белый Boatneck Cl1058493,https://img-colinsrus.mncdn.com/mnresize/800/-/Assets/Russia/Originals/143576_0.jpeg?v=1680208194,https://www.colins.ru/p/zhenskye-futbolky-korotkyj-rukav-belj-boatneck-cl1058493-35740,990,Белый
COLIN'S,tshirt,Женские Футболки Короткий Рукав Голубой Slim Fit Cl1058493,https://img-colinsrus.mncdn.com/mnresize/800/-/Assets/Russia/Originals/143576_0.jpeg?v=1680208194,https://www.colins.ru/p/zhenskye-futbolky-korotkyj-rukav-holuboj-slim-fit-cl1058493-38213,990,Голубой
COLIN'S,tshirt,Женские Футболки Короткий Рукав Оранжевый Regular Fit Cl1063434,https://img-colinsrus.mncdn.com/mnresize/800/-/Assets/Russia/Originals/143576_0.jpeg?v=1680208194,https://www.colins.ru/p/zhenskye-futbolky-korotkyj-rukav-oranzhevj-regular-fit-cl1063434-38315,990,Оранжевый
COLIN'S,tshirt,Женские Футболки Короткий Рукав Пурпурный Regular Fit Cl1063429,https://img-colinsrus.mncdn.com/mnresize/800/-/Assets/Russia/Originals/143576_0.jpeg?v=1680208194,https://www.colins.ru/p/zhenskye-futbolky-korotkyj-rukav-purpurnj-regular-fit-cl1063429-38190,790,Пурпурный
COLIN'S,tshirt,Женские Футболки Короткий Рукав Розовый Regular Fit Cl1063229,https://img-colinsrus.mncdn.com/mnresize/800/-/Assets/Russia/Originals/143576_0.jpeg?v=1680208194,https://www.colins.ru/p/zhenskye-futbolky-korotkyj-rukav-rozovj-regular-fit-cl1063229-39293,1390,Розовый
COLIN'S,tshirt,Женские Футболки Короткий Рукав Розовый Regular Fit Cl1063432,https://img-colinsrus.mncdn.com/mnresize/800/-/Assets/Russia/Originals/143576_0.jpeg?v=1680208194,https://www.colins.ru/p/zhenskye-futbolky-korotkyj-rukav-rozovj-regular-fit-cl1063432-38198,790,Розовый
COLIN'S,tshirt,Женские Футболки Короткий Рукав Розовый Regular Fit Cl1063433,https://img-colinsrus.mncdn.com/mnresize/800/-/Assets/Russia/Originals/143576_0.jpeg?v=1680208194,https://www.colins.ru/p/zhenskye-futbolky-korotkyj-rukav-rozovj-regular-fit-cl1063433-39307,990,Розовый
COLIN'S,tshirt,Женские Футболки Короткий Рукав Розовый Regular Fit Cl1063442,https://img-colinsrus.mncdn.com/mnresize/800/-/Assets/Russia/Originals/143576_0.jpeg?v=1680208194,https://www.colins.ru/p/zhenskye-futbolky-korotkyj-rukav-rozovj-regular-fit-cl1063442-38918,790,Розовый
COLIN'S,tshirt,Женские Футболки Короткий Рукав Розовый Slim Fit Cl1063336,https://img-colinsrus.mncdn.com/mnresize/800/-/Assets/Russia/Originals/143576_0.jpeg?v=1680208194,https://www.colins.ru/p/zhenskye-futbolky-korotkyj-rukav-rozovj-slim-fit-cl1063336-38235,1290,Розовый
COLIN'S,tshirt,Женские Футболки Короткий Рукав Розовый Slim Fit Cl1063341,https://img-colinsrus.mncdn.com/mnresize/800/-/Assets/Russia/Originals/143576_0.jpeg?v=1680208194,https://www.colins.ru/p/zhenskye-futbolky-korotkyj-rukav-rozovj-slim-fit-cl1063341-39142,1290,Розовый
COLIN'S,tshirt,Женские Футболки Короткий Рукав Серый  Cl1060184,https://img-colinsrus.mncdn.com/mnresize/800/-/Assets/Russia/Originals/143576_0.jpeg?v=1680208194,https://www.colins.ru/p/zhenskye-futbolky-korotkyj-rukav-serj-cl1060184-37483,995,Серый
COLIN'S,tshirt,Женские Футболки Короткий Рукав Синий Comfort Fit Cl1063352,https://img-colinsrus.mncdn.com/mnresize/800/-/Assets/Russia/Originals/143576_0.jpeg?v=1680208194,https://www.colins.ru/p/zhenskye-futbolky-korotkyj-rukav-synyj-comfort-fit-cl1063352-39297,1590,Синий
COLIN'S,tshirt,Женские Футболки Короткий Рукав Синий Regular Fit Cl1062569,https://img-colinsrus.mncdn.com/mnresize/800/-/Assets/Russia/Originals/143576_0.jpeg?v=1680208194,https://www.colins.ru/p/zhenskye-futbolky-korotkyj-rukav-synyj-regular-fit-cl1062569-39059,1590,Синий
COLIN'S,tshirt,Женские Футболки Короткий Рукав Синий Regular Fit Cl1063446,https://img-colinsrus.mncdn.com/mnresize/800/-/Assets/Russia/Originals/143576_0.jpeg?v=1680208194,https://www.colins.ru/p/zhenskye-futbolky-korotkyj-rukav-synyj-regular-fit-cl1063446-38876,790,Синий
COLIN'S,tshirt,Женские Футболки Короткий Рукав Синий Slim Fit Cl1063448,https://img-colinsrus.mncdn.com/mnresize/800/-/Assets/Russia/Originals/143576_0.jpeg?v=1680208194,https://www.colins.ru/p/zhenskye-futbolky-korotkyj-rukav-synyj-slim-fit-cl1063448-38686,990,Синий
COLIN'S,tshirt,Женские Футболки Короткий Рукав Хаки Regular Fit Cl1062522,https://img-colinsrus.mncdn.com/mnresize/800/-/Assets/Russia/Originals/143576_0.jpeg?v=1680208194,https://www.colins.ru/p/zhenskye-futbolky-korotkyj-rukav-xaky-regular-fit-cl1062522-38570,1690,Хаки
COLIN'S,tshirt,Женские Футболки Короткий Рукав Хаки Regular Fit Cl1063346,https://img-colinsrus.mncdn.com/mnresize/800/-/Assets/Russia/Originals/143576_0.jpeg?v=1680208194,https://www.colins.ru/p/zhenskye-futbolky-korotkyj-rukav-xaky-regular-fit-cl1063346-38850,1590,Хаки
COLIN'S,tshirt,Женские Футболки Короткий Рукав Черный Comfort Fit Cl1062551,https://img-colinsrus.mncdn.com/mnresize/800/-/Assets/Russia/Originals/143576_0.jpeg?v=1680208194,https://www.colins.ru/p/zhenskye-futbolky-korotkyj-rukav-chernj-comfort-fit-cl1062551-39179,1590,Черный
COLIN'S,tshirt,Женские Футболки Короткий Рукав Черный Comfort Fit Cl1063420,https://img-colinsrus.mncdn.com/mnresize/800/-/Assets/Russia/Originals/143576_0.jpeg?v=1680208194,https://www.colins.ru/p/zhenskye-futbolky-korotkyj-rukav-chernj-comfort-fit-cl1063420-38994,990,Черный
COLIN'S,tshirt,Женские Футболки Короткий Рукав Зеленый Comfort Fit Cl1063420,https://img-colinsrus.mncdn.com/mnresize/800/-/Assets/Russia/Originals/143576_0.jpeg?v=1680208194,https://www.colins.ru/p/zhenskye-futbolky-korotkyj-rukav-zelenj-comfort-fit-cl1063420-38339,990,Зеленый
COLIN'S,tshirt,Женские Футболки Короткий Рукав Белый Comfort Fit Cl1063420,https://img-colinsrus.mncdn.com/mnresize/800/-/Assets/Russia/Originals/143576_0.jpeg?v=1680208194,https://www.colins.ru/p/zhenskye-futbolky-korotkyj-rukav-belj-comfort-fit-cl1063420-38552,990,Белый
COLIN'S,tshirt,Женские Футболки Короткий Рукав Черный Regular Fit Cl1063418,https://img-colinsrus.mncdn.com/mnresize/800/-/Assets/Russia/Originals/143576_0.jpeg?v=1680208194,https://www.colins.ru/p/zhenskye-futbolky-korotkyj-rukav-chernj-regular-fit-cl1063418-39274,1190,Черный
COLIN'S,tshirt,Женские Футболки Короткий Рукав Белый Regular Fit Cl1063418,https://img-colinsrus.mncdn.com/mnresize/800/-/Assets/Russia/Originals/143576_0.jpeg?v=1680208194,https://www.colins.ru/p/zhenskye-futbolky-korotkyj-rukav-belj-regular-fit-cl1063418-38257,1190,Белый
COLIN'S,tshirt,Женские Футболки Короткий Рукав Коричневый Regular Fit Cl1063418,https://img-colinsrus.mncdn.com/mnresize/800/-/Assets/Russia/Originals/143576_0.jpeg?v=1680208194,https://www.colins.ru/p/zhenskye-futbolky-korotkyj-rukav-korychnevj-regular-fit-cl1063418-39052,1190,Коричневый
COLIN'S,tshirt,Женские Футболки Короткий Рукав Черный Regular Fit Cl1063427,https://img-colinsrus.mncdn.com/mnresize/800/-/Assets/Russia/Originals/143576_0.jpeg?v=1680208194,https://www.colins.ru/p/zhenskye-futbolky-korotkyj-rukav-chernj-regular-fit-cl1063427-38435,790,Черный
COLIN'S,tshirt,Женские Футболки Короткий Рукав Черный Regular Fit Cl1063438,https://img-colinsrus.mncdn.com/mnresize/800/-/Assets/Russia/Originals/143576_0.jpeg?v=1680208194,https://www.colins.ru/p/zhenskye-futbolky-korotkyj-rukav-chernj-regular-fit-cl1063438-39166,790,Черный
COLIN'S,tshirt,Женские Футболки Короткий Рукав Черный Regular Fit Cl1063444,https://img-colinsrus.mncdn.com/mnresize/800/-/Assets/Russia/Originals/143576_0.jpeg?v=1680208194,https://www.colins.ru/p/zhenskye-futbolky-korotkyj-rukav-chernj-regular-fit-cl1063444-38718,790,Черный
COLIN'S,tshirt,Женские Футболки Короткий Рукав Черный Round Neck Cl1057343,https://img-colinsrus.mncdn.com/mnresize/800/-/Assets/Russia/Originals/143576_0.jpeg?v=1680208194,https://www.colins.ru/p/zhenskye-futbolky-korotkyj-rukav-chernj-round-neck-cl1057343-35253,1299,Черный
COLIN'S,tshirt,Женские Футболки Короткий Рукав Черный Slim Fit Cl1063461,https://img-colinsrus.mncdn.com/mnresize/800/-/Assets/Russia/Originals/143576_0.jpeg?v=1680208194,https://www.colins.ru/p/zhenskye-futbolky-korotkyj-rukav-chernj-slim-fit-cl1063461-38441,790,Черный
COLIN'S,tshirt,Женские Футболки Короткий Рукав Белый Slim Fit Cl1063461,https://img-colinsrus.mncdn.com/mnresize/800/-/Assets/Russia/Originals/143576_0.jpeg?v=1680208194,https://www.colins.ru/p/zhenskye-futbolky-korotkyj-rukav-belj-slim-fit-cl1063461-39088,790,Белый
COLIN'S,tshirt,Женские Футболки Короткий Рукав Бежевый Regular Fit Cl1063241,https://img-colinsrus.mncdn.com/mnresize/800/-/Assets/Russia/Originals/143576_0.jpeg?v=1680208194,https://www.colins.ru/p/zhenskye-futbolky-korotkyj-rukav-bezhevj-regular-fit-cl1063241-39244,1190,Бежевый
COLIN'S,tshirt,Женские Футболки Короткий Рукав Белый Regular Fit Cl1059059,https://img-colinsrus.mncdn.com/mnresize/800/-/Assets/Russia/Originals/143576_0.jpeg?v=1680208194,https://www.colins.ru/p/zhenskye-futbolky-korotkyj-rukav-belj-regular-fit-cl1059059-35792,999,Белый
COLIN'S,tshirt,Женские Футболки Короткий Рукав Белый Regular Fit Cl1059373,https://img-colinsrus.mncdn.com/mnresize/800/-/Assets/Russia/Originals/143576_0.jpeg?v=1680208194,https://www.colins.ru/p/zhenskye-futbolky-korotkyj-rukav-belj-regular-fit-cl1059373-35793,999,Белый
COLIN'S,tshirt,Женские Футболки Короткий Рукав Белый Regular Fit Cl1063246,https://img-colinsrus.mncdn.com/mnresize/800/-/Assets/Russia/Originals/143576_0.jpeg?v=1680208194,https://www.colins.ru/p/zhenskye-futbolky-korotkyj-rukav-belj-regular-fit-cl1063246-38639,1190,Белый
COLIN'S,tshirt,Женские Футболки Короткий Рукав Белый Regular Fit Cl1063317,https://img-colinsrus.mncdn.com/mnresize/800/-/Assets/Russia/Originals/143576_0.jpeg?v=1680208194,https://www.colins.ru/p/zhenskye-futbolky-korotkyj-rukav-belj-regular-fit-cl1063317-38317,1390,Белый
COLIN'S,tshirt,Женские Футболки Короткий Рукав Белый Regular Fit Cl1063428,https://img-colinsrus.mncdn.com/mnresize/800/-/Assets/Russia/Originals/143576_0.jpeg?v=1680208194,https://www.colins.ru/p/zhenskye-futbolky-korotkyj-rukav-belj-regular-fit-cl1063428-39078,790,Белый
COLIN'S,tshirt,Женские Футболки Короткий Рукав Виолет Regular Fit Cl1063430,https://img-colinsrus.mncdn.com/mnresize/800/-/Assets/Russia/Originals/143576_0.jpeg?v=1680208194,https://www.colins.ru/p/zhenskye-futbolky-korotkyj-rukav-vyolet-regular-fit-cl1063430-38243,790,Пурпурный
COLIN'S,tshirt,Женские Футболки Короткий Рукав Голубой Regular Fit Cl1060866,https://img-colinsrus.mncdn.com/mnresize/800/-/Assets/Russia/Originals/143576_0.jpeg?v=1680208194,https://www.colins.ru/p/zhenskye-futbolky-korotkyj-rukav-holuboj-regular-fit-cl1060866-38885,995,Голубой
COLIN'S,tshirt,Женские Футболки Короткий Рукав Голубой Regular Fit Cl1063254,https://img-colinsrus.mncdn.com/mnresize/800/-/Assets/Russia/Originals/143576_0.jpeg?v=1680208194,https://www.colins.ru/p/zhenskye-futbolky-korotkyj-rukav-holuboj-regular-fit-cl1063254-38419,1290,Голубой
COLIN'S,tshirt,Женские Футболки Короткий Рукав Голубой Regular Fit Cl1063261,https://img-colinsrus.mncdn.com/mnresize/800/-/Assets/Russia/Originals/143576_0.jpeg?v=1680208194,https://www.colins.ru/p/zhenskye-futbolky-korotkyj-rukav-holuboj-regular-fit-cl1063261-39023,1290,Голубой
COLIN'S,tshirt,Женские Футболки Короткий Рукав Голубой Regular Fit Cl1063324,https://img-colinsrus.mncdn.com/mnresize/800/-/Assets/Russia/Originals/143576_0.jpeg?v=1680208194,https://www.colins.ru/p/zhenskye-futbolky-korotkyj-rukav-holuboj-regular-fit-cl1063324-38335,1590,Голубой
COLIN'S,tshirt,Женские Футболки Короткий Рукав Зеленый Regular Fit Cl1063419,https://img-colinsrus.mncdn.com/mnresize/800/-/Assets/Russia/Originals/143576_0.jpeg?v=1680208194,https://www.colins.ru/p/zhenskye-futbolky-korotkyj-rukav-zelenj-regular-fit-cl1063419-38652,990,Зеленый
COLIN'S,tshirt,Женские Футболки Короткий Рукав Коричневый Regular Fit Cl1063419,https://img-colinsrus.mncdn.com/mnresize/800/-/Assets/Russia/Originals/143576_0.jpeg?v=1680208194,https://www.colins.ru/p/zhenskye-futbolky-korotkyj-rukav-korychnevj-regular-fit-cl1063419-38239,990,Коричневый
COLIN'S,tshirt,Женские Футболки Короткий Рукав Белый Regular Fit Cl1063419,https://img-colinsrus.mncdn.com/mnresize/800/-/Assets/Russia/Originals/143576_0.jpeg?v=1680208194,https://www.colins.ru/p/zhenskye-futbolky-korotkyj-rukav-belj-regular-fit-cl1063419-38298,990,Белый
COLIN'S,tshirt,Женские Футболки Короткий Рукав Черный Regular Fit Cl1063419,https://img-colinsrus.mncdn.com/mnresize/800/-/Assets/Russia/Originals/143576_0.jpeg?v=1680208194,https://www.colins.ru/p/zhenskye-futbolky-korotkyj-rukav-chernj-regular-fit-cl1063419-38866,990,Черный
COLIN'S,tshirt,Женские Футболки Короткий Рукав Зеленый Regular Fit Cl1063441,https://img-colinsrus.mncdn.com/mnresize/800/-/Assets/Russia/Originals/143576_0.jpeg?v=1680208194,https://www.colins.ru/p/zhenskye-futbolky-korotkyj-rukav-zelenj-regular-fit-cl1063441-38420,790,Зеленый
COLIN'S,tshirt,Женские Футболки Короткий Рукав Коричневый Regular Fit Cl1059051,https://img-colinsrus.mncdn.com/mnresize/800/-/Assets/Russia/Originals/143576_0.jpeg?v=1680208194,https://www.colins.ru/p/zhenskye-futbolky-korotkyj-rukav-korychnevj-regular-fit-cl1059051-35787,1499,Коричневый
COLIN'S,tshirt,Женские Футболки Короткий Рукав Коричневый Regular Fit Cl1063418,https://img-colinsrus.mncdn.com/mnresize/800/-/Assets/Russia/Originals/143576_0.jpeg?v=1680208194,https://www.colins.ru/p/zhenskye-futbolky-korotkyj-rukav-korychnevj-regular-fit-cl1063418-39052,1190,Коричневый
COLIN'S,tshirt,Женские Футболки Короткий Рукав Белый Regular Fit Cl1063418,https://img-colinsrus.mncdn.com/mnresize/800/-/Assets/Russia/Originals/143576_0.jpeg?v=1680208194,https://www.colins.ru/p/zhenskye-futbolky-korotkyj-rukav-belj-regular-fit-cl1063418-38257,1190,Белый
COLIN'S,tshirt,Женские Футболки Короткий Рукав Черный Regular Fit Cl1063418,https://img-colinsrus.mncdn.com/mnresize/800/-/Assets/Russia/Originals/143576_0.jpeg?v=1680208194,https://www.colins.ru/p/zhenskye-futbolky-korotkyj-rukav-chernj-regular-fit-cl1063418-39274,1190,Черный
COLIN'S,tshirt,Женские Футболки Короткий Рукав Черный Regular Fit Cl1058976,https://img-colinsrus.mncdn.com/mnresize/800/-/Assets/Russia/Originals/143576_0.jpeg?v=1680208194,https://www.colins.ru/p/zhenskye-futbolky-korotkyj-rukav-chernj-regular-fit-cl1058976-36242,1299,Черный
COLIN'S,tshirt,Женские Футболки Короткий Рукав Белый  Cl1060203,https://img-colinsrus.mncdn.com/mnresize/800/-/Assets/Russia/Originals/143576_0.jpeg?v=1680208194,https://www.colins.ru/p/zhenskye-futbolky-korotkyj-rukav-belj-cl1060203-37510,995,Белый
COLIN'S,tshirt,Женские Футболки Короткий Рукав Белый  Cl1060215,https://img-colinsrus.mncdn.com/mnresize/800/-/Assets/Russia/Originals/143576_0.jpeg?v=1680208194,https://www.colins.ru/p/zhenskye-futbolky-korotkyj-rukav-belj-cl1060215-37511,1190,Белый
COLIN'S,tshirt,Женские Футболки Короткий Рукав Белый Regular Fit Cl1062554,https://img-colinsrus.mncdn.com/mnresize/800/-/Assets/Russia/Originals/143576_0.jpeg?v=1680208194,https://www.colins.ru/p/zhenskye-futbolky-korotkyj-rukav-belj-regular-fit-cl1062554-38342,1290,Белый
COLIN'S,tshirt,Женские Футболки Короткий Рукав Белый Regular Fit Cl1063291,https://img-colinsrus.mncdn.com/mnresize/800/-/Assets/Russia/Originals/143576_0.jpeg?v=1680208194,https://www.colins.ru/p/zhenskye-futbolky-korotkyj-rukav-belj-regular-fit-cl1063291-39246,1290,Белый
COLIN'S,tshirt,Женские Футболки Короткий Рукав Белый Regular Fit Cl1063315,https://img-colinsrus.mncdn.com/mnresize/800/-/Assets/Russia/Originals/143576_0.jpeg?v=1680208194,https://www.colins.ru/p/zhenskye-futbolky-korotkyj-rukav-belj-regular-fit-cl1063315-38890,1590,Белый
COLIN'S,tshirt,Женские Футболки Короткий Рукав Белый Regular Fit Cl1063320,https://img-colinsrus.mncdn.com/mnresize/800/-/Assets/Russia/Originals/143576_0.jpeg?v=1680208194,https://www.colins.ru/p/zhenskye-futbolky-korotkyj-rukav-belj-regular-fit-cl1063320-38585,1590,Белый
COLIN'S,tshirt,Женские Футболки Короткий Рукав Белый Slim Fit Cl1063390,https://img-colinsrus.mncdn.com/mnresize/800/-/Assets/Russia/Originals/143576_0.jpeg?v=1680208194,https://www.colins.ru/p/zhenskye-futbolky-korotkyj-rukav-belj-slim-fit-cl1063390-39075,1290,Белый
COLIN'S,tshirt,Женские Футболки Короткий Рукав Бледно-Желтый Regular Fit Cl1063249,https://img-colinsrus.mncdn.com/mnresize/800/-/Assets/Russia/Originals/143576_0.jpeg?v=1680208194,https://www.colins.ru/p/zhenskye-futbolky-korotkyj-rukav-bledno-zheltj-regular-fit-cl1063249-39303,1590,Бледно-желтый
COLIN'S,tshirt,Женские Футболки Короткий Рукав Голубой Round Neck Cl1058134,https://img-colinsrus.mncdn.com/mnresize/800/-/Assets/Russia/Originals/143576_0.jpeg?v=1680208194,https://www.colins.ru/p/zhenskye-futbolky-korotkyj-rukav-holuboj-round-neck-cl1058134-35200,1299,Голубой
COLIN'S,tshirt,Женские Футболки Короткий Рукав Зеленый  Cl1060200,https://img-colinsrus.mncdn.com/mnresize/800/-/Assets/Russia/Originals/143576_0.jpeg?v=1680208194,https://www.colins.ru/p/zhenskye-futbolky-korotkyj-rukav-zelenj-cl1060200-37484,995,Зеленый
COLIN'S,tshirt,Женские Футболки Короткий Рукав Розовый Slim Fit Cl1062909,https://img-colinsrus.mncdn.com/mnresize/800/-/Assets/Russia/Originals/143576_0.jpeg?v=1680208194,https://www.colins.ru/p/zhenskye-futbolky-korotkyj-rukav-rozovj-slim-fit-cl1062909-38590,2190,Розовый
COLIN'S,tshirt,Женские Футболки Короткий Рукав Синий Regular Fit Cl1063349,https://img-colinsrus.mncdn.com/mnresize/800/-/Assets/Russia/Originals/143576_0.jpeg?v=1680208194,https://www.colins.ru/p/zhenskye-futbolky-korotkyj-rukav-synyj-regular-fit-cl1063349-38195,1390,Синий
COLIN'S,tshirt,Женские Футболки Короткий Рукав Черный Regular Fit Cl1062565,https://img-colinsrus.mncdn.com/mnresize/800/-/Assets/Russia/Originals/143576_0.jpeg?v=1680208194,https://www.colins.ru/p/zhenskye-futbolky-korotkyj-rukav-chernj-regular-fit-cl1062565-38374,1390,Черный
COLIN'S,tshirt,Женские Футболки Короткий Рукав Антрацит  Cl1060197,https://img-colinsrus.mncdn.com/mnresize/800/-/Assets/Russia/Originals/143576_0.jpeg?v=1680208194,https://www.colins.ru/p/zhenskye-futbolky-korotkyj-rukav-antracyt-cl1060197-37449,995,Антрацит
COLIN'S,tshirt,Женские Футболки Короткий Рукав Белый Regular Fit Cl1063232,https://img-colinsrus.mncdn.com/mnresize/800/-/Assets/Russia/Originals/143576_0.jpeg?v=1680208194,https://www.colins.ru/p/zhenskye-futbolky-korotkyj-rukav-belj-regular-fit-cl1063232-38309,1190,Белый
COLIN'S,tshirt,Женские Футболки Короткий Рукав Белый Regular Fit Cl1063298,https://img-colinsrus.mncdn.com/mnresize/800/-/Assets/Russia/Originals/143576_0.jpeg?v=1680208194,https://www.colins.ru/p/zhenskye-futbolky-korotkyj-rukav-belj-regular-fit-cl1063298-38982,1590,Белый
COLIN'S,tshirt,Женские Футболки Короткий Рукав Оранжевый Regular Fit Cl1062478,https://img-colinsrus.mncdn.com/mnresize/800/-/Assets/Russia/Originals/143576_0.jpeg?v=1680208194,https://www.colins.ru/p/zhenskye-futbolky-korotkyj-rukav-oranzhevj-regular-fit-cl1062478-38957,1195,Оранжевый
COLIN'S,tshirt,Женские Футболки Короткий Рукав Синий Regular Fit Cl1063410,https://img-colinsrus.mncdn.com/mnresize/800/-/Assets/Russia/Originals/143576_0.jpeg?v=1680208194,https://www.colins.ru/p/zhenskye-futbolky-korotkyj-rukav-synyj-regular-fit-cl1063410-39092,2190,Синий
COLIN'S,tshirt,Женские Футболки Короткий Рукав Синий Round Neck Cl1057824,https://img-colinsrus.mncdn.com/mnresize/800/-/Assets/Russia/Originals/143576_0.jpeg?v=1680208194,https://www.colins.ru/p/zhenskye-futbolky-korotkyj-rukav-synyj-round-neck-cl1057824-35589,1299,Синий
COLIN'S,tshirt,жен. Футболки Короткий рукав,https://img-colinsrus.mncdn.com/mnresize/800/-/Assets/Russia/Originals/143576_0.jpeg?v=1680208194,https://www.colins.ru/p/zhen-futbolky-korotkyj-rukav-40786,1590,Белый
COLIN'S,tshirt,Женские Футболки Короткий Рукав Бежевый  Cl1060505,https://img-colinsrus.mncdn.com/mnresize/800/-/Assets/Russia/Originals/143576_0.jpeg?v=1680208194,https://www.colins.ru/p/zhenskye-futbolky-korotkyj-rukav-bezhevj-cl1060505-37451,995,Бежевый
COLIN'S,tshirt,Женские Футболки Короткий Рукав Белый  Cl1060351,https://img-colinsrus.mncdn.com/mnresize/800/-/Assets/Russia/Originals/143576_0.jpeg?v=1680208194,https://www.colins.ru/p/zhenskye-futbolky-korotkyj-rukav-belj-cl1060351-37504,995,Белый
COLIN'S,tshirt,Женские Футболки Короткий Рукав Белый  Cl1060586,https://img-colinsrus.mncdn.com/mnresize/800/-/Assets/Russia/Originals/143576_0.jpeg?v=1680208194,https://www.colins.ru/p/zhenskye-futbolky-korotkyj-rukav-belj-cl1060586-37505,995,Белый
COLIN'S,tshirt,Женские Футболки Короткий Рукав Белый  Cl1060603,https://img-colinsrus.mncdn.com/mnresize/800/-/Assets/Russia/Originals/143576_0.jpeg?v=1680208194,https://www.colins.ru/p/zhenskye-futbolky-korotkyj-rukav-belj-cl1060603-37513,995,Белый
COLIN'S,tshirt,Женские Футболки Короткий Рукав Белый  Cl1060610,https://img-colinsrus.mncdn.com/mnresize/800/-/Assets/Russia/Originals/143576_0.jpeg?v=1680208194,https://www.colins.ru/p/zhenskye-futbolky-korotkyj-rukav-belj-cl1060610-37515,995,Белый
COLIN'S,tshirt,Женские Футболки Короткий Рукав Белый Comfort Fit Cl1062540,https://img-colinsrus.mncdn.com/mnresize/800/-/Assets/Russia/Originals/143576_0.jpeg?v=1680208194,https://www.colins.ru/p/zhenskye-futbolky-korotkyj-rukav-belj-comfort-fit-cl1062540-39263,1390,Белый
COLIN'S,tshirt,Женские Футболки Короткий Рукав Белый Regular Fit Cl1063300,https://img-colinsrus.mncdn.com/mnresize/800/-/Assets/Russia/Originals/143576_0.jpeg?v=1680208194,https://www.colins.ru/p/zhenskye-futbolky-korotkyj-rukav-belj-regular-fit-cl1063300-38775,1290,Белый
COLIN'S,tshirt,Женские Футболки Короткий Рукав Бледно-Желтый Comfort Fit Cl1062476,https://img-colinsrus.mncdn.com/mnresize/800/-/Assets/Russia/Originals/143576_0.jpeg?v=1680208194,https://www.colins.ru/p/zhenskye-futbolky-korotkyj-rukav-bledno-zheltj-comfort-fit-cl1062476-39106,1195,Бледно-желтый
COLIN'S,tshirt,Женские Футболки Короткий Рукав Желтый  Cl1060290,https://img-colinsrus.mncdn.com/mnresize/800/-/Assets/Russia/Originals/143576_0.jpeg?v=1680208194,https://www.colins.ru/p/zhenskye-futbolky-korotkyj-rukav-zheltj-cl1060290-37479,1195,Желтый
COLIN'S,tshirt,Женские Футболки Короткий Рукав Зеленый Round Neck Cl1058077,https://img-colinsrus.mncdn.com/mnresize/800/-/Assets/Russia/Originals/143576_0.jpeg?v=1680208194,https://www.colins.ru/p/zhenskye-futbolky-korotkyj-rukav-zelenj-round-neck-cl1058077-35523,1299,Зеленый
COLIN'S,tshirt,Женские Футболки Короткий Рукав Зеленый Slim Fit Cl1063339,https://img-colinsrus.mncdn.com/mnresize/800/-/Assets/Russia/Originals/143576_0.jpeg?v=1680208194,https://www.colins.ru/p/zhenskye-futbolky-korotkyj-rukav-zelenj-slim-fit-cl1063339-38739,1290,Зеленый
COLIN'S,tshirt,Женские Футболки Короткий Рукав Оранжевый Comfort Fit Cl1063409,https://img-colinsrus.mncdn.com/mnresize/800/-/Assets/Russia/Originals/143576_0.jpeg?v=1680208194,https://www.colins.ru/p/zhenskye-futbolky-korotkyj-rukav-oranzhevj-comfort-fit-cl1063409-39024,1590,Оранжевый
COLIN'S,tshirt,Женские Футболки Короткий Рукав Оранжевый Slim Fit Cl1061903,https://img-colinsrus.mncdn.com/mnresize/800/-/Assets/Russia/Originals/143576_0.jpeg?v=1680208194,https://www.colins.ru/p/zhenskye-futbolky-korotkyj-rukav-oranzhevj-slim-fit-cl1061903-38641,2190,Оранжевый
COLIN'S,tshirt,Женские Футболки Короткий Рукав Серый  Cl1060178,https://img-colinsrus.mncdn.com/mnresize/800/-/Assets/Russia/Originals/143576_0.jpeg?v=1680208194,https://www.colins.ru/p/zhenskye-futbolky-korotkyj-rukav-serj-cl1060178-37489,995,Серый
COLIN'S,tshirt,Женские Футболки Короткий Рукав Синий  Cl1060175,https://img-colinsrus.mncdn.com/mnresize/800/-/Assets/Russia/Originals/143576_0.jpeg?v=1680208194,https://www.colins.ru/p/zhenskye-futbolky-korotkyj-rukav-synyj-cl1060175-36707,999,Синий
COLIN'S,tshirt,Женские Футболки Короткий Рукав Синий  Cl1060584,https://img-colinsrus.mncdn.com/mnresize/800/-/Assets/Russia/Originals/143576_0.jpeg?v=1680208194,https://www.colins.ru/p/zhenskye-futbolky-korotkyj-rukav-synyj-cl1060584-37501,995,Синий
COLIN'S,tshirt,Женские Футболки Короткий Рукав Синий Regular Fit Cl1059001,https://img-colinsrus.mncdn.com/mnresize/800/-/Assets/Russia/Originals/143576_0.jpeg?v=1680208194,https://www.colins.ru/p/zhenskye-futbolky-korotkyj-rukav-synyj-regular-fit-cl1059001-35791,1299,Синий
COLIN'S,tshirt,Женские Футболки Короткий Рукав Хаки  Cl1060355,https://img-colinsrus.mncdn.com/mnresize/800/-/Assets/Russia/Originals/143576_0.jpeg?v=1680208194,https://www.colins.ru/p/zhenskye-futbolky-korotkyj-rukav-xaky-cl1060355-37487,1095,Хаки
COLIN'S,shirt,Женские Рубашки Длинный Рукав Антрацитовый Slim Fit Cl1061882,https://img-colinsrus.mncdn.com/mnresize/800/-/Assets/Russia/Originals/138844_0.jpeg?v=1677510994,https://www.colins.ru/p/zhenskye-rubashky-dlynnj-rukav-antracytovj-slim-fit-cl1061882-38917,1995,Антрацит
COLIN'S,shirt,Женские Рубашки Длинный Рукав Бежевый Regular Fit Cl1060252,https://img-colinsrus.mncdn.com/mnresize/800/-/Assets/Russia/Originals/138844_0.jpeg?v=1677510994,https://www.colins.ru/p/zhenskye-rubashky-dlynnj-rukav-bezhevj-regular-fit-cl1060252-36762,1595,Бежевый
COLIN'S,shirt,Женские Рубашки Длинный Рукав Синий Regular Fit Cl1060252,https://img-colinsrus.mncdn.com/mnresize/800/-/Assets/Russia/Originals/138844_0.jpeg?v=1677510994,https://www.colins.ru/p/zhenskye-rubashky-dlynnj-rukav-synyj-regular-fit-cl1060252-36709,1499,Синий
COLIN'S,shirt,Женские Рубашки Длинный Рукав Белый Blouse Cl1060253,https://img-colinsrus.mncdn.com/mnresize/800/-/Assets/Russia/Originals/138844_0.jpeg?v=1677510994,https://www.colins.ru/p/zhenskye-rubashky-dlynnj-rukav-belj-blouse-cl1060253-37545,1690,Белый
COLIN'S,shirt,Женские Рубашки Длинный Рукав Черный Blouse Cl1060253,https://img-colinsrus.mncdn.com/mnresize/800/-/Assets/Russia/Originals/138844_0.jpeg?v=1677510994,https://www.colins.ru/p/zhenskye-rubashky-dlynnj-rukav-chernj-blouse-cl1060253-37547,1690,Черный
COLIN'S,shirt,Женские Рубашки Длинный Рукав Белый Blouse Cl1060264,https://img-colinsrus.mncdn.com/mnresize/800/-/Assets/Russia/Originals/138844_0.jpeg?v=1677510994,https://www.colins.ru/p/zhenskye-rubashky-dlynnj-rukav-belj-blouse-cl1060264-37438,1999,Белый
COLIN'S,shirt,Женские Рубашки Длинный Рукав Белый Regular Fit Cl1050927,https://img-colinsrus.mncdn.com/mnresize/800/-/Assets/Russia/Originals/138844_0.jpeg?v=1677510994,https://www.colins.ru/p/zhenskye-rubashky-dlynnj-rukav-belj-regular-fit-cl1050927-32265,1495,Белый
COLIN'S,shirt,Женские Рубашки Длинный Рукав Голубой Regular Fit Cl1050927,https://img-colinsrus.mncdn.com/mnresize/800/-/Assets/Russia/Originals/138844_0.jpeg?v=1677510994,https://www.colins.ru/p/zhenskye-rubashky-dlynnj-rukav-holuboj-regular-fit-cl1050927-32255,699,Голубой
COLIN'S,shirt,Женские Рубашки Длинный Рукав Черный Regular Fit Cl1050927,https://img-colinsrus.mncdn.com/mnresize/800/-/Assets/Russia/Originals/138844_0.jpeg?v=1677510994,https://www.colins.ru/p/zhenskye-rubashky-dlynnj-rukav-chernj-regular-fit-cl1050927-32442,1495,Черный
COLIN'S,shirt,Женские Рубашки Длинный Рукав Коричневый Regular Fit Cl1050927,https://img-colinsrus.mncdn.com/mnresize/800/-/Assets/Russia/Originals/138844_0.jpeg?v=1677510994,https://www.colins.ru/p/zhenskye-rubashky-dlynnj-rukav-korychnevj-regular-fit-cl1050927-34516,699,Коричневый
COLIN'S,shirt,Женские Рубашки Длинный Рукав Розовый Regular Fit Cl1050927,https://img-colinsrus.mncdn.com/mnresize/800/-/Assets/Russia/Originals/138844_0.jpeg?v=1677510994,https://www.colins.ru/p/zhenskye-rubashky-dlynnj-rukav-rozovj-regular-fit-cl1050927-35078,699,Розовый
COLIN'S,shirt,Женские Рубашки Длинный Рукав Коричневый Regular Fit Cl1050927,https://img-colinsrus.mncdn.com/mnresize/800/-/Assets/Russia/Originals/138844_0.jpeg?v=1677510994,https://www.colins.ru/p/zhenskye-rubashky-dlynnj-rukav-korychnevj-regular-fit-cl1050927-36782,1495,Коричневый
COLIN'S,shirt,Женские Рубашки Длинный Рукав Белый Regular Fit Cl1063169,https://img-colinsrus.mncdn.com/mnresize/800/-/Assets/Russia/Originals/138844_0.jpeg?v=1677510994,https://www.colins.ru/p/zhenskye-rubashky-dlynnj-rukav-belj-regular-fit-cl1063169-38681,2390,Белый
COLIN'S,shirt,Женские Рубашки Длинный Рукав Белый Slim Fit Cl1045017,https://img-colinsrus.mncdn.com/mnresize/800/-/Assets/Russia/Originals/138844_0.jpeg?v=1677510994,https://www.colins.ru/p/zhenskye-rubashky-dlynnj-rukav-belj-slim-fit-cl1045017-29692,1595,Белый
COLIN'S,shirt,Женские Рубашки Длинный Рукав Голубой Slim Fit Cl1045017,https://img-colinsrus.mncdn.com/mnresize/800/-/Assets/Russia/Originals/138844_0.jpeg?v=1677510994,https://www.colins.ru/p/zhenskye-rubashky-dlynnj-rukav-holuboj-slim-fit-cl1045017-34427,1299,Голубой
COLIN'S,shirt,Женские Рубашки Длинный Рукав Белый Slim Fit Cl1062114,https://img-colinsrus.mncdn.com/mnresize/800/-/Assets/Russia/Originals/138844_0.jpeg?v=1677510994,https://www.colins.ru/p/zhenskye-rubashky-dlynnj-rukav-belj-slim-fit-cl1062114-38291,1995,Белый
COLIN'S,shirt,Женские Рубашки Длинный Рукав Голубой Blouse Cl1060285,https://img-colinsrus.mncdn.com/mnresize/800/-/Assets/Russia/Originals/138844_0.jpeg?v=1677510994,https://www.colins.ru/p/zhenskye-rubashky-dlynnj-rukav-holuboj-blouse-cl1060285-37017,1999,Голубой
COLIN'S,shirt,Женские Рубашки Длинный Рукав Голубой Regular Fit Cl1062904,https://img-colinsrus.mncdn.com/mnresize/800/-/Assets/Russia/Originals/138844_0.jpeg?v=1677510994,https://www.colins.ru/p/zhenskye-rubashky-dlynnj-rukav-holuboj-regular-fit-cl1062904-39122,1795,Голубой
COLIN'S,shirt,Женские Рубашки Длинный Рукав Голубой Slim Fit Cl1053348,https://img-colinsrus.mncdn.com/mnresize/800/-/Assets/Russia/Originals/138844_0.jpeg?v=1677510994,https://www.colins.ru/p/zhenskye-rubashky-dlynnj-rukav-holuboj-slim-fit-cl1053348-38474,1690,Голубой
COLIN'S,shirt,Женские Рубашки Длинный Рукав Белый Slim Fit Cl1053348,https://img-colinsrus.mncdn.com/mnresize/800/-/Assets/Russia/Originals/138844_0.jpeg?v=1677510994,https://www.colins.ru/p/zhenskye-rubashky-dlynnj-rukav-belj-slim-fit-cl1053348-33269,1690,Белый
COLIN'S,shirt,Женские Рубашки Длинный Рукав Голубой Slim Fit Cl1053348,https://img-colinsrus.mncdn.com/mnresize/800/-/Assets/Russia/Originals/138844_0.jpeg?v=1677510994,https://www.colins.ru/p/zhenskye-rubashky-dlynnj-rukav-holuboj-slim-fit-cl1053348-33317,1499,Голубой
COLIN'S,shirt,Женские Рубашки Длинный Рукав Антрацитовый Regular Fit Cl1053348,https://img-colinsrus.mncdn.com/mnresize/800/-/Assets/Russia/Originals/138844_0.jpeg?v=1677510994,https://www.colins.ru/p/zhenskye-rubashky-dlynnj-rukav-antracytovj-regular-fit-cl1053348-35149,1690,Антрацит
COLIN'S,shirt,Женские Рубашки Длинный Рукав Бежевый Slim Fit Cl1053348,https://img-colinsrus.mncdn.com/mnresize/800/-/Assets/Russia/Originals/138844_0.jpeg?v=1677510994,https://www.colins.ru/p/zhenskye-rubashky-dlynnj-rukav-bezhevj-slim-fit-cl1053348-38944,1690,Бежевый
COLIN'S,shirt,Женские Рубашки Длинный Рукав Голубой Slim Fit Cl1057684,https://img-colinsrus.mncdn.com/mnresize/800/-/Assets/Russia/Originals/138844_0.jpeg?v=1677510994,https://www.colins.ru/p/zhenskye-rubashky-dlynnj-rukav-holuboj-slim-fit-cl1057684-35789,1499,Голубой
COLIN'S,shirt,Женские Рубашки Длинный Рукав Голубой Slim Fit Cl1062246,https://img-colinsrus.mncdn.com/mnresize/800/-/Assets/Russia/Originals/138844_0.jpeg?v=1677510994,https://www.colins.ru/p/zhenskye-rubashky-dlynnj-rukav-holuboj-slim-fit-cl1062246-39262,1795,Голубой
COLIN'S,shirt,Женские Рубашки Длинный Рукав Голубой Slim Fit Cl1062334,https://img-colinsrus.mncdn.com/mnresize/800/-/Assets/Russia/Originals/138844_0.jpeg?v=1677510994,https://www.colins.ru/p/zhenskye-rubashky-dlynnj-rukav-holuboj-slim-fit-cl1062334-38583,3990,Голубой
COLIN'S,shirt,Женские Рубашки Длинный Рукав Желтый Regular Fit Cl1062918,https://img-colinsrus.mncdn.com/mnresize/800/-/Assets/Russia/Originals/138844_0.jpeg?v=1677510994,https://www.colins.ru/p/zhenskye-rubashky-dlynnj-rukav-zheltj-regular-fit-cl1062918-38337,1795,Желтый
COLIN'S,shirt,Женские Рубашки Длинный Рукав Зеленый Regular Fit Cl1060516,https://img-colinsrus.mncdn.com/mnresize/800/-/Assets/Russia/Originals/138844_0.jpeg?v=1677510994,https://www.colins.ru/p/zhenskye-rubashky-dlynnj-rukav-zelenj-regular-fit-cl1060516-38179,2190,Зеленый
COLIN'S,shirt,Женские Рубашки Длинный Рукав Зеленый Regular Fit Cl1061874,https://img-colinsrus.mncdn.com/mnresize/800/-/Assets/Russia/Originals/138844_0.jpeg?v=1677510994,https://www.colins.ru/p/zhenskye-rubashky-dlynnj-rukav-zelenj-regular-fit-cl1061874-38655,2390,Зеленый
COLIN'S,shirt,Женские Рубашки Длинный Рукав Зеленый Slim Fit Cl1062116,https://img-colinsrus.mncdn.com/mnresize/800/-/Assets/Russia/Originals/138844_0.jpeg?v=1677510994,https://www.colins.ru/p/zhenskye-rubashky-dlynnj-rukav-zelenj-slim-fit-cl1062116-38260,2390,Зеленый
COLIN'S,shirt,Женские Рубашки Длинный Рукав Оранжевый Regular Fit Cl1063168,https://img-colinsrus.mncdn.com/mnresize/800/-/Assets/Russia/Originals/138844_0.jpeg?v=1677510994,https://www.colins.ru/p/zhenskye-rubashky-dlynnj-rukav-oranzhevj-regular-fit-cl1063168-39032,1995,Оранжевый
COLIN'S,shirt,Женские Рубашки Длинный Рукав Розовый Regular Fit Cl1059776,https://img-colinsrus.mncdn.com/mnresize/800/-/Assets/Russia/Originals/138844_0.jpeg?v=1677510994,https://www.colins.ru/p/zhenskye-rubashky-dlynnj-rukav-rozovj-regular-fit-cl1059776-37409,1195,Розовый
COLIN'S,shirt,Женские Рубашки Длинный Рукав Розовый Regular Fit Cl1063172,https://img-colinsrus.mncdn.com/mnresize/800/-/Assets/Russia/Originals/138844_0.jpeg?v=1677510994,https://www.colins.ru/p/zhenskye-rubashky-dlynnj-rukav-rozovj-regular-fit-cl1063172-38662,2590,Розовый
COLIN'S,shirt,Женские Рубашки Длинный Рукав Розовый Regular Fit Cl1063375,https://img-colinsrus.mncdn.com/mnresize/800/-/Assets/Russia/Originals/138844_0.jpeg?v=1677510994,https://www.colins.ru/p/zhenskye-rubashky-dlynnj-rukav-rozovj-regular-fit-cl1063375-38950,1795,Розовый
COLIN'S,shirt,Женские Рубашки Длинный Рукав Розовый Slim Fit Cl1061871,https://img-colinsrus.mncdn.com/mnresize/800/-/Assets/Russia/Originals/138844_0.jpeg?v=1677510994,https://www.colins.ru/p/zhenskye-rubashky-dlynnj-rukav-rozovj-slim-fit-cl1061871-38651,1995,Оранжевый
COLIN'S,shirt,Женские Рубашки Длинный Рукав Розовый Super Slim Fit Cl1061881,https://img-colinsrus.mncdn.com/mnresize/800/-/Assets/Russia/Originals/138844_0.jpeg?v=1677510994,https://www.colins.ru/p/zhenskye-rubashky-dlynnj-rukav-rozovj-super-slim-fit-cl1061881-38220,1795,Розовый
COLIN'S,pullover,Женские Свитеры Бежевый Regular Fit Cl1061362,https://img-colinsrus.mncdn.com/mnresize/800/-/Assets/Russia/Originals/138025_0.jpeg?v=1682500775,https://www.colins.ru/p/zhenskye-svyter-bezhevj-regular-fit-cl1061362-36860,2999,Бежевый
COLIN'S,pullover,Женские Свитеры Бежевый Slim Fit Cl1051086,https://img-colinsrus.mncdn.com/mnresize/800/-/Assets/Russia/Originals/138025_0.jpeg?v=1682500775,https://www.colins.ru/p/zhenskye-svyter-bezhevj-slim-fit-cl1051086-34425,1499,Бежевый
COLIN'S,pullover,Женские Свитеры Черный Slim Fit Cl1051086,https://img-colinsrus.mncdn.com/mnresize/800/-/Assets/Russia/Originals/138025_0.jpeg?v=1682500775,https://www.colins.ru/p/zhenskye-svyter-chernj-slim-fit-cl1051086-31773,1499,Черный
COLIN'S,pullover,Женские Свитеры Желтый Slim Fit Cl1051086,https://img-colinsrus.mncdn.com/mnresize/800/-/Assets/Russia/Originals/138025_0.jpeg?v=1682500775,https://www.colins.ru/p/zhenskye-svyter-zheltj-slim-fit-cl1051086-34424,999,Желтый
COLIN'S,pullover,Женские Свитеры Коричневый Slim Fit Cl1051086,https://img-colinsrus.mncdn.com/mnresize/800/-/Assets/Russia/Originals/138025_0.jpeg?v=1682500775,https://www.colins.ru/p/zhenskye-svyter-korychnevj-slim-fit-cl1051086-34426,999,Коричневый
COLIN'S,pullover,Женские Свитеры Бежевый Slim Fit Cl1051087,https://img-colinsrus.mncdn.com/mnresize/800/-/Assets/Russia/Originals/138025_0.jpeg?v=1682500775,https://www.colins.ru/p/zhenskye-svyter-bezhevj-slim-fit-cl1051087-31771,999,Бежевый
COLIN'S,pullover,Женские Свитеры Черный Slim Fit Cl1051087,https://img-colinsrus.mncdn.com/mnresize/800/-/Assets/Russia/Originals/138025_0.jpeg?v=1682500775,https://www.colins.ru/p/zhenskye-svyter-chernj-slim-fit-cl1051087-31774,1895,Черный
COLIN'S,pullover,Женские Свитеры Зеленый Slim Fit Cl1051087,https://img-colinsrus.mncdn.com/mnresize/800/-/Assets/Russia/Originals/138025_0.jpeg?v=1682500775,https://www.colins.ru/p/zhenskye-svyter-zelenj-slim-fit-cl1051087-31777,1895,Зеленый
COLIN'S,pullover,Женские Свитеры Розовый Slim Fit Cl1051087,https://img-colinsrus.mncdn.com/mnresize/800/-/Assets/Russia/Originals/138025_0.jpeg?v=1682500775,https://www.colins.ru/p/zhenskye-svyter-rozovj-slim-fit-cl1051087-34511,999,Розовый
COLIN'S,pullover,Женские Свитеры Зеленый Slim Fit Cl1051087,https://img-colinsrus.mncdn.com/mnresize/800/-/Assets/Russia/Originals/138025_0.jpeg?v=1682500775,https://www.colins.ru/p/zhenskye-svyter-zelenj-slim-fit-cl1051087-34513,1499,Зеленый
COLIN'S,pullover,Женские Свитеры Голубой Slim Fit Cl1051087,https://img-colinsrus.mncdn.com/mnresize/800/-/Assets/Russia/Originals/138025_0.jpeg?v=1682500775,https://www.colins.ru/p/zhenskye-svyter-holuboj-slim-fit-cl1051087-34514,999,Голубой
COLIN'S,pullover,Женские Свитеры Голубой Slim Fit Cl1051087,https://img-colinsrus.mncdn.com/mnresize/800/-/Assets/Russia/Originals/138025_0.jpeg?v=1682500775,https://www.colins.ru/p/zhenskye-svyter-holuboj-slim-fit-cl1051087-36642,1499,Голубой
COLIN'S,pullover,Женские Свитеры Оранжевый Slim Fit Cl1051087,https://img-colinsrus.mncdn.com/mnresize/800/-/Assets/Russia/Originals/138025_0.jpeg?v=1682500775,https://www.colins.ru/p/zhenskye-svyter-oranzhevj-slim-fit-cl1051087-36649,1499,Оранжевый
COLIN'S,pullover,Женские Свитеры Бордовый Slim Fit Cl1051087,https://img-colinsrus.mncdn.com/mnresize/800/-/Assets/Russia/Originals/138025_0.jpeg?v=1682500775,https://www.colins.ru/p/zhenskye-svyter-bordovj-slim-fit-cl1051087-36651,1499,Бордовый
COLIN'S,pullover,Женские Свитеры Коричневый Slim Fit Cl1051087,https://img-colinsrus.mncdn.com/mnresize/800/-/Assets/Russia/Originals/138025_0.jpeg?v=1682500775,https://www.colins.ru/p/zhenskye-svyter-korychnevj-slim-fit-cl1051087-36767,1895,Коричневый
COLIN'S,pullover,Женские Свитеры Белый Regular Fit Cl1036479,https://img-colinsrus.mncdn.com/mnresize/800/-/Assets/Russia/Originals/138025_0.jpeg?v=1682500775,https://www.colins.ru/p/zhenskye-svyter-belj-regular-fit-cl1036479-36195,1999,Белый
COLIN'S,pullover,Женские Свитеры Розовый Regular Fit Cl1036479,https://img-colinsrus.mncdn.com/mnresize/800/-/Assets/Russia/Originals/138025_0.jpeg?v=1682500775,https://www.colins.ru/p/zhenskye-svyter-rozovj-regular-fit-cl1036479-29881,1299,Розовый
COLIN'S,pullover,Женские Свитеры Голубой Regular Fit Cl1036479,https://img-colinsrus.mncdn.com/mnresize/800/-/Assets/Russia/Originals/138025_0.jpeg?v=1682500775,https://www.colins.ru/p/zhenskye-svyter-holuboj-regular-fit-cl1036479-34846,1999,Голубой
COLIN'S,pullover,Женские Свитеры Бледно-Желтый Regular Fit Cl1036479,https://img-colinsrus.mncdn.com/mnresize/800/-/Assets/Russia/Originals/138025_0.jpeg?v=1682500775,https://www.colins.ru/p/zhenskye-svyter-bledno-zheltj-regular-fit-cl1036479-34847,1299,Бледно-желтый
COLIN'S,pullover,Женские Свитеры Коричневый Regular Fit Cl1036479,https://img-colinsrus.mncdn.com/mnresize/800/-/Assets/Russia/Originals/138025_0.jpeg?v=1682500775,https://www.colins.ru/p/zhenskye-svyter-korychnevj-regular-fit-cl1036479-34848,1999,Бежевый
COLIN'S,pullover,Женские Свитеры Зеленый Regular Fit Cl1036479,https://img-colinsrus.mncdn.com/mnresize/800/-/Assets/Russia/Originals/138025_0.jpeg?v=1682500775,https://www.colins.ru/p/zhenskye-svyter-zelenj-regular-fit-cl1036479-34849,1299,Зеленый
COLIN'S,pullover,Женские Свитеры Голубой Regular Fit Cl1036479,https://img-colinsrus.mncdn.com/mnresize/800/-/Assets/Russia/Originals/138025_0.jpeg?v=1682500775,https://www.colins.ru/p/zhenskye-svyter-holuboj-regular-fit-cl1036479-36193,1999,Голубой
COLIN'S,pullover,Женские Свитеры Зеленый Regular Fit Cl1036479,https://img-colinsrus.mncdn.com/mnresize/800/-/Assets/Russia/Originals/138025_0.jpeg?v=1682500775,https://www.colins.ru/p/zhenskye-svyter-zelenj-regular-fit-cl1036479-36194,1999,Зеленый
COLIN'S,pullover,Женские Свитеры Оранжевый Regular Fit Cl1036479,https://img-colinsrus.mncdn.com/mnresize/800/-/Assets/Russia/Originals/138025_0.jpeg?v=1682500775,https://www.colins.ru/p/zhenskye-svyter-oranzhevj-regular-fit-cl1036479-36196,1999,Оранжевый
COLIN'S,pullover,Женские Свитеры Розовый Regular Fit Cl1036479,https://img-colinsrus.mncdn.com/mnresize/800/-/Assets/Russia/Originals/138025_0.jpeg?v=1682500775,https://www.colins.ru/p/zhenskye-svyter-rozovj-regular-fit-cl1036479-36197,1999,Розовый
COLIN'S,pullover,Женские Свитеры Белый Regular Fit Cl1061035,https://img-colinsrus.mncdn.com/mnresize/800/-/Assets/Russia/Originals/138025_0.jpeg?v=1682500775,https://www.colins.ru/p/zhenskye-svyter-belj-regular-fit-cl1061035-37385,2499,Белый
COLIN'S,pullover,Женские Свитеры Бледно-Желтый Regular Fit Cl1060693,https://img-colinsrus.mncdn.com/mnresize/800/-/Assets/Russia/Originals/138025_0.jpeg?v=1682500775,https://www.colins.ru/p/zhenskye-svyter-bledno-zheltj-regular-fit-cl1060693-37132,2499,Бледно-желтый
COLIN'S,pullover,Женские Свитеры Голубой Regular Fit Cl1036479,https://img-colinsrus.mncdn.com/mnresize/800/-/Assets/Russia/Originals/138025_0.jpeg?v=1682500775,https://www.colins.ru/p/zhenskye-svyter-holuboj-regular-fit-cl1036479-36193,1999,Голубой
COLIN'S,pullover,Женские Свитеры Голубой Regular Fit Cl1036479,https://img-colinsrus.mncdn.com/mnresize/800/-/Assets/Russia/Originals/138025_0.jpeg?v=1682500775,https://www.colins.ru/p/zhenskye-svyter-holuboj-regular-fit-cl1036479-34846,1999,Голубой
COLIN'S,pullover,Женские Свитеры Желтый  Cl1060293,https://img-colinsrus.mncdn.com/mnresize/800/-/Assets/Russia/Originals/138025_0.jpeg?v=1682500775,https://www.colins.ru/p/zhenskye-svyter-zheltj-cl1060293-36672,2499,Желтый
COLIN'S,pullover,Женские Свитеры Зеленый Regular Fit Cl1036479,https://img-colinsrus.mncdn.com/mnresize/800/-/Assets/Russia/Originals/138025_0.jpeg?v=1682500775,https://www.colins.ru/p/zhenskye-svyter-zelenj-regular-fit-cl1036479-36194,1999,Зеленый
COLIN'S,pullover,Женские Свитеры Зеленый Regular Fit Cl1061030,https://img-colinsrus.mncdn.com/mnresize/800/-/Assets/Russia/Originals/138025_0.jpeg?v=1682500775,https://www.colins.ru/p/zhenskye-svyter-zelenj-regular-fit-cl1061030-37082,2999,Зеленый
COLIN'S,pullover,Женские Свитеры Зеленый Regular Fit Cl1061973,https://img-colinsrus.mncdn.com/mnresize/800/-/Assets/Russia/Originals/138025_0.jpeg?v=1682500775,https://www.colins.ru/p/zhenskye-svyter-zelenj-regular-fit-cl1061973-38447,1495,Зеленый
COLIN'S,pullover,Женские Свитеры Зеленый Regular Fit Cl1062222,https://img-colinsrus.mncdn.com/mnresize/800/-/Assets/Russia/Originals/138025_0.jpeg?v=1682500775,https://www.colins.ru/p/zhenskye-svyter-zelenj-regular-fit-cl1062222-38888,1495,Зеленый
COLIN'S,pullover,Женские Свитеры Зеленый Slim Fit Cl1051087,https://img-colinsrus.mncdn.com/mnresize/800/-/Assets/Russia/Originals/138025_0.jpeg?v=1682500775,https://www.colins.ru/p/zhenskye-svyter-zelenj-slim-fit-cl1051087-34513,1499,Зеленый
COLIN'S,pullover,Женские Свитеры Зеленый Slim Fit Cl1051087,https://img-colinsrus.mncdn.com/mnresize/800/-/Assets/Russia/Originals/138025_0.jpeg?v=1682500775,https://www.colins.ru/p/zhenskye-svyter-zelenj-slim-fit-cl1051087-31777,1895,Зеленый
COLIN'S,pullover,Женские Свитеры Коричневый  Cl1060295,https://img-colinsrus.mncdn.com/mnresize/800/-/Assets/Russia/Originals/138025_0.jpeg?v=1682500775,https://www.colins.ru/p/zhenskye-svyter-korychnevj-cl1060295-37039,2795,Коричневый
COLIN'S,pullover,Женские Свитеры Коричневый Regular Fit Cl1036479,https://img-colinsrus.mncdn.com/mnresize/800/-/Assets/Russia/Originals/138025_0.jpeg?v=1682500775,https://www.colins.ru/p/zhenskye-svyter-korychnevj-regular-fit-cl1036479-34848,1999,Бежевый
COLIN'S,pullover,Женские Свитеры Коричневый Slim Fit Cl1051087,https://img-colinsrus.mncdn.com/mnresize/800/-/Assets/Russia/Originals/138025_0.jpeg?v=1682500775,https://www.colins.ru/p/zhenskye-svyter-korychnevj-slim-fit-cl1051087-36767,1895,Коричневый
COLIN'S,pullover,Женские Свитеры Оранжевый Regular Fit Cl1036479,https://img-colinsrus.mncdn.com/mnresize/800/-/Assets/Russia/Originals/138025_0.jpeg?v=1682500775,https://www.colins.ru/p/zhenskye-svyter-oranzhevj-regular-fit-cl1036479-36196,1999,Оранжевый
COLIN'S,pullover,Женские Свитеры Оранжевый Regular Fit Cl1061089,https://img-colinsrus.mncdn.com/mnresize/800/-/Assets/Russia/Originals/138025_0.jpeg?v=1682500775,https://www.colins.ru/p/zhenskye-svyter-oranzhevj-regular-fit-cl1061089-37027,2499,Оранжевый
COLIN'S,pullover,Женские Свитеры Розовый Regular Fit Cl1036479,https://img-colinsrus.mncdn.com/mnresize/800/-/Assets/Russia/Originals/138025_0.jpeg?v=1682500775,https://www.colins.ru/p/zhenskye-svyter-rozovj-regular-fit-cl1036479-29881,1299,Розовый
COLIN'S,shorts,жен. Шорты,https://img-colinsrus.mncdn.com/mnresize/800/-/Assets/Russia/Originals/144579_0.jpeg?v=1680169866,https://www.colins.ru/p/zhen-short-41108,1890,Черный
COLIN'S,shorts,жен. Шорты,https://img-colinsrus.mncdn.com/mnresize/800/-/Assets/Russia/Originals/144579_0.jpeg?v=1680169866,https://www.colins.ru/p/zhen-short-40882,1890,Синий
COLIN'S,shorts,Женские Шорты Зеленый Cl1063326,https://img-colinsrus.mncdn.com/mnresize/800/-/Assets/Russia/Originals/144579_0.jpeg?v=1680169866,https://www.colins.ru/p/zhenskye-short-zelenj-cl1063326-39279,1790,Зеленый
COLIN'S,shorts,Женские Шорты Черный Cl1060321,https://img-colinsrus.mncdn.com/mnresize/800/-/Assets/Russia/Originals/144579_0.jpeg?v=1680169866,https://www.colins.ru/p/zhenskye-short-chernj-cl1060321-36790,2499,Черный
COLIN'S,shorts,Женские Шорты Серый  Regular Fit Cl1048951,https://img-colinsrus.mncdn.com/mnresize/800/-/Assets/Russia/Originals/144579_0.jpeg?v=1680169866,https://www.colins.ru/p/zhenskye-short-serj-regular-fit-cl1048951-31690,1299,Серый
COLIN'S,shorts,Женские Шорты Синий  Regular Fit Cl1049032,https://img-colinsrus.mncdn.com/mnresize/800/-/Assets/Russia/Originals/144579_0.jpeg?v=1680169866,https://www.colins.ru/p/zhenskye-short-synyj-regular-fit-cl1049032-31681,1299,Синий
COLIN'S,shorts,Женские Шорты Желтый  Regular Fit Cl1049215,https://img-colinsrus.mncdn.com/mnresize/800/-/Assets/Russia/Originals/144579_0.jpeg?v=1680169866,https://www.colins.ru/p/zhenskye-short-zheltj-regular-fit-cl1049215-31737,699,Желтый
COLIN'S,shorts,Женские Шорты Голубой  Regular Fit Cl1043386,https://img-colinsrus.mncdn.com/mnresize/800/-/Assets/Russia/Originals/144579_0.jpeg?v=1680169866,https://www.colins.ru/p/zhenskye-short-holuboj-regular-fit-cl1043386-28897,1299,Голубой
COLIN'S,shorts,Женские Шорты Синий  Regular Fit Cl1049209,https://img-colinsrus.mncdn.com/mnresize/800/-/Assets/Russia/Originals/144579_0.jpeg?v=1680169866,https://www.colins.ru/p/zhenskye-short-synyj-regular-fit-cl1049209-31678,699,Синий
COLIN'S,shorts,Женские Шорты Бежевый  Regular Fit Cl1054229,https://img-colinsrus.mncdn.com/mnresize/800/-/Assets/Russia/Originals/144579_0.jpeg?v=1680169866,https://www.colins.ru/p/zhenskye-short-bezhevj-regular-fit-cl1054229-34017,1499,Бежевый
COLIN'S,shorts,Женские Шорты Бежевый Cl1058778,https://img-colinsrus.mncdn.com/mnresize/800/-/Assets/Russia/Originals/144579_0.jpeg?v=1680169866,https://www.colins.ru/p/zhenskye-short-bezhevj-cl1058778-36208,1499,Бежевый
COLIN'S,shorts,Женские Шорты Белый  Regular Fit Cl1054114,https://img-colinsrus.mncdn.com/mnresize/800/-/Assets/Russia/Originals/144579_0.jpeg?v=1680169866,https://www.colins.ru/p/zhenskye-short-belj-regular-fit-cl1054114-33968,1499,Белый
COLIN'S,shorts,Женские Шорты Белый Cl1058784,https://img-colinsrus.mncdn.com/mnresize/800/-/Assets/Russia/Originals/144579_0.jpeg?v=1680169866,https://www.colins.ru/p/zhenskye-short-belj-cl1058784-36119,1499,Белый
COLIN'S,shorts,Женские Шорты Голубой  Regular Fit Cl1054462,https://img-colinsrus.mncdn.com/mnresize/800/-/Assets/Russia/Originals/144579_0.jpeg?v=1680169866,https://www.colins.ru/p/zhenskye-short-holuboj-regular-fit-cl1054462-34023,999,Голубой
COLIN'S,shorts,Женские Шорты Голубой Cl1058786,https://img-colinsrus.mncdn.com/mnresize/800/-/Assets/Russia/Originals/144579_0.jpeg?v=1680169866,https://www.colins.ru/p/zhenskye-short-holuboj-cl1058786-36224,1499,Голубой
COLIN'S,shorts,Женские Шорты Деним  Regular Fit Cl1049708,https://img-colinsrus.mncdn.com/mnresize/800/-/Assets/Russia/Originals/144579_0.jpeg?v=1680169866,https://www.colins.ru/p/zhenskye-short-denym-regular-fit-cl1049708-33498,1699,Голубой
COLIN'S,shorts,Женские Шорты Желтый  Regular Fit Cl1054035,https://img-colinsrus.mncdn.com/mnresize/800/-/Assets/Russia/Originals/144579_0.jpeg?v=1680169866,https://www.colins.ru/p/zhenskye-short-zheltj-regular-fit-cl1054035-34191,999,Желтый
COLIN'S,shorts,Женские Шорты Зеленый Cl1058436,https://img-colinsrus.mncdn.com/mnresize/800/-/Assets/Russia/Originals/144579_0.jpeg?v=1680169866,https://www.colins.ru/p/zhenskye-short-zelenj-cl1058436-35991,1299,Зеленый
COLIN'S,shorts,Женские Шорты Коричневый Cl1058779,https://img-colinsrus.mncdn.com/mnresize/800/-/Assets/Russia/Originals/144579_0.jpeg?v=1680169866,https://www.colins.ru/p/zhenskye-short-korychnevj-cl1058779-36306,1499,Коричневый
COLIN'S,shorts,Женские Шорты Красный  Regular Fit Cl1054235,https://img-colinsrus.mncdn.com/mnresize/800/-/Assets/Russia/Originals/144579_0.jpeg?v=1680169866,https://www.colins.ru/p/zhenskye-short-krasnj-regular-fit-cl1054235-33646,1299,Красный
COLIN'S,shorts,Женские Шорты Розовый Cl1059429,https://img-colinsrus.mncdn.com/mnresize/800/-/Assets/Russia/Originals/144579_0.jpeg?v=1680169866,https://www.colins.ru/p/zhenskye-short-rozovj-cl1059429-36527,1299,Розовый
COLIN'S,shorts,Женские Шорты Серый  Regular Fit Cl1058462,https://img-colinsrus.mncdn.com/mnresize/800/-/Assets/Russia/Originals/144579_0.jpeg?v=1680169866,https://www.colins.ru/p/zhenskye-short-serj-regular-fit-cl1058462-35508,1299,Серый
COLIN'S,shorts,Женские Шорты Синий  Regular Fit Cl1043708,https://img-colinsrus.mncdn.com/mnresize/800/-/Assets/Russia/Originals/144579_0.jpeg?v=1680169866,https://www.colins.ru/p/zhenskye-short-synyj-regular-fit-cl1043708-28998,1499,Синий
COLIN'S,shorts,Женские Шорты Синий  Regular Fit Cl1054180,https://img-colinsrus.mncdn.com/mnresize/800/-/Assets/Russia/Originals/144579_0.jpeg?v=1680169866,https://www.colins.ru/p/zhenskye-short-synyj-regular-fit-cl1054180-34022,999,Синий
COLIN'S,shorts,Женские Шорты Синий Cl1058777,https://img-colinsrus.mncdn.com/mnresize/800/-/Assets/Russia/Originals/144579_0.jpeg?v=1680169866,https://www.colins.ru/p/zhenskye-short-synyj-cl1058777-36483,1499,Синий
COLIN'S,shorts,Женские Шорты Синий Cl1058788,https://img-colinsrus.mncdn.com/mnresize/800/-/Assets/Russia/Originals/144579_0.jpeg?v=1680169866,https://www.colins.ru/p/zhenskye-short-synyj-cl1058788-36173,1499,Синий
COLIN'S,shorts,Женские Шорты Хаки  Regular Fit Cl1048944,https://img-colinsrus.mncdn.com/mnresize/800/-/Assets/Russia/Originals/144579_0.jpeg?v=1680169866,https://www.colins.ru/p/zhenskye-short-xaky-regular-fit-cl1048944-33430,999,Хаки
COLIN'S,shorts,Женские Шорты Хаки  Regular Fit Cl1054036,https://img-colinsrus.mncdn.com/mnresize/800/-/Assets/Russia/Originals/144579_0.jpeg?v=1680169866,https://www.colins.ru/p/zhenskye-short-xaky-regular-fit-cl1054036-33879,999,Хаки
COLIN'S,shorts,Женские Шорты Хаки Cl1059070,https://img-colinsrus.mncdn.com/mnresize/800/-/Assets/Russia/Originals/144579_0.jpeg?v=1680169866,https://www.colins.ru/p/zhenskye-short-xaky-cl1059070-35961,1299,Хаки
COLIN'S,shorts,Женские Шорты Черный  Regular Fit Cl1052056,https://img-colinsrus.mncdn.com/mnresize/800/-/Assets/Russia/Originals/144579_0.jpeg?v=1680169866,https://www.colins.ru/p/zhenskye-short-chernj-regular-fit-cl1052056-33862,999,Черный
COLIN'S,shorts,Женские Шорты Черный  Regular Fit Cl1054037,https://img-colinsrus.mncdn.com/mnresize/800/-/Assets/Russia/Originals/144579_0.jpeg?v=1680169866,https://www.colins.ru/p/zhenskye-short-chernj-regular-fit-cl1054037-34049,999,Черный
COLIN'S,shorts,Женские Шорты Черный Cl1058783,https://img-colinsrus.mncdn.com/mnresize/800/-/Assets/Russia/Originals/144579_0.jpeg?v=1680169866,https://www.colins.ru/p/zhenskye-short-chernj-cl1058783-35856,1499,Черный
COLIN'S,shorts,Женские Шорты Черный Cl1059078,https://img-colinsrus.mncdn.com/mnresize/800/-/Assets/Russia/Originals/144579_0.jpeg?v=1680169866,https://www.colins.ru/p/zhenskye-short-chernj-cl1059078-35861,1299,Черный
COLIN'S,shorts,Женские Шорты   Regular Fit Cl1058192,https://img-colinsrus.mncdn.com/mnresize/800/-/Assets/Russia/Originals/144579_0.jpeg?v=1680169866,https://www.colins.ru/p/zhenskye-short-regular-fit-cl1058192-35313,1299,Коричневый
COLIN'S,shorts,Женские Шорты Голубой  Regular Fit Cl1049234,https://img-colinsrus.mncdn.com/mnresize/800/-/Assets/Russia/Originals/144579_0.jpeg?v=1680169866,https://www.colins.ru/p/zhenskye-short-holuboj-regular-fit-cl1049234-33851,1499,Голубой
COLIN'S,shorts,Женские Шорты Голубой Cl1059069,https://img-colinsrus.mncdn.com/mnresize/800/-/Assets/Russia/Originals/144579_0.jpeg?v=1680169866,https://www.colins.ru/p/zhenskye-short-holuboj-cl1059069-35965,1299,Голубой
COLIN'S,shorts,Женские Шорты Пурпурный  Regular Fit Cl1054237,https://img-colinsrus.mncdn.com/mnresize/800/-/Assets/Russia/Originals/144579_0.jpeg?v=1680169866,https://www.colins.ru/p/zhenskye-short-purpurnj-regular-fit-cl1054237-33707,1499,Пурпурный
COLIN'S,shorts,Женские Шорты Розовый Cl1058781,https://img-colinsrus.mncdn.com/mnresize/800/-/Assets/Russia/Originals/144579_0.jpeg?v=1680169866,https://www.colins.ru/p/zhenskye-short-rozovj-cl1058781-36080,1499,Розовый
COLIN'S,shorts,Женские Шорты Синий  Regular Fit Cl1049231,https://img-colinsrus.mncdn.com/mnresize/800/-/Assets/Russia/Originals/144579_0.jpeg?v=1680169866,https://www.colins.ru/p/zhenskye-short-synyj-regular-fit-cl1049231-33834,1299,Синий
COLIN'S,shorts,Женские Шорты Черный  Regular Fit Cl1049213,https://img-colinsrus.mncdn.com/mnresize/800/-/Assets/Russia/Originals/144579_0.jpeg?v=1680169866,https://www.colins.ru/p/zhenskye-short-chernj-regular-fit-cl1049213-31736,699,Черный
COLIN'S,shorts,Женские Шорты Желтый  Regular Fit Cl1049232,https://img-colinsrus.mncdn.com/mnresize/800/-/Assets/Russia/Originals/144579_0.jpeg?v=1680169866,https://www.colins.ru/p/zhenskye-short-zheltj-regular-fit-cl1049232-33835,1299,Желтый
COLIN'S,shorts,Женские Шорты Хаки  Regular Fit Cl1054039,https://img-colinsrus.mncdn.com/mnresize/800/-/Assets/Russia/Originals/144579_0.jpeg?v=1680169866,https://www.colins.ru/p/zhenskye-short-xaky-regular-fit-cl1054039-34280,999,Хаки
COLIN'S,shorts,Женские Шорты Черный  Regular Fit Cl1057420,https://img-colinsrus.mncdn.com/mnresize/800/-/Assets/Russia/Originals/144579_0.jpeg?v=1680169866,https://www.colins.ru/p/zhenskye-short-chernj-regular-fit-cl1057420-35256,1499,Черный
COLIN'S,shorts,Женские Шорты Синий  Regular Fit Cl1048950,https://img-colinsrus.mncdn.com/mnresize/800/-/Assets/Russia/Originals/144579_0.jpeg?v=1680169866,https://www.colins.ru/p/zhenskye-short-synyj-regular-fit-cl1048950-33455,1499,Синий
COLIN'S,shorts,Женские Шорты Синий  Slim Fit Cl1048948,https://img-colinsrus.mncdn.com/mnresize/800/-/Assets/Russia/Originals/144579_0.jpeg?v=1680169866,https://www.colins.ru/p/zhenskye-short-synyj-slim-fit-cl1048948-31663,1299,Синий
COLIN'S,shorts,Женские Шорты Бежевый Cl1058782,https://img-colinsrus.mncdn.com/mnresize/800/-/Assets/Russia/Originals/144579_0.jpeg?v=1680169866,https://www.colins.ru/p/zhenskye-short-bezhevj-cl1058782-35815,1499,Бежевый
COLIN'S,shorts,Женские Шорты Белый  Slim Fit Cl1054231,https://img-colinsrus.mncdn.com/mnresize/800/-/Assets/Russia/Originals/144579_0.jpeg?v=1680169866,https://www.colins.ru/p/zhenskye-short-belj-slim-fit-cl1054231-33715,1499,Белый
COLIN'S,shorts,Женские Шорты Голубой Cl1059486,https://img-colinsrus.mncdn.com/mnresize/800/-/Assets/Russia/Originals/144579_0.jpeg?v=1680169866,https://www.colins.ru/p/zhenskye-short-holuboj-cl1059486-36232,1299,Голубой
COLIN'S,shorts,Женские Шорты Зеленый  Regular Fit Cl1043673,https://img-colinsrus.mncdn.com/mnresize/800/-/Assets/Russia/Originals/144579_0.jpeg?v=1680169866,https://www.colins.ru/p/zhenskye-short-zelenj-regular-fit-cl1043673-29200,699,Зеленый
COLIN'S,shorts,Женские Шорты Черный  Comfort Fit Cl1043755,https://img-colinsrus.mncdn.com/mnresize/800/-/Assets/Russia/Originals/144579_0.jpeg?v=1680169866,https://www.colins.ru/p/zhenskye-short-chernj-comfort-fit-cl1043755-28940,699,Черный
COLIN'S,shorts,Женские Шорты Белый  Regular Fit Cl1043388,https://img-colinsrus.mncdn.com/mnresize/800/-/Assets/Russia/Originals/144579_0.jpeg?v=1680169866,https://www.colins.ru/p/zhenskye-short-belj-regular-fit-cl1043388-29025,699,Белый
COLIN'S,shorts,Женские Шорты Красный  Regular Fit Cl1043166,https://img-colinsrus.mncdn.com/mnresize/800/-/Assets/Russia/Originals/144579_0.jpeg?v=1680169866,https://www.colins.ru/p/zhenskye-short-krasnj-regular-fit-cl1043166-29011,699,Красный
COLIN'S,shorts,Женские Шорты Белый  Regular Fit Cl1043294,https://img-colinsrus.mncdn.com/mnresize/800/-/Assets/Russia/Originals/144579_0.jpeg?v=1680169866,https://www.colins.ru/p/zhenskye-short-belj-regular-fit-cl1043294-28887,699,Белый
COLIN'S,shorts,Женские Шорты Синий Низкая Талия Slim Fit Cl1034395,https://img-colinsrus.mncdn.com/mnresize/800/-/Assets/Russia/Originals/144579_0.jpeg?v=1680169866,https://www.colins.ru/p/zhenskye-short-synyj-nyzkaya-talyya-slim-fit-cl1034395-25641,699,Синий
COLIN'S,shorts,Женские Шорты Бежевый  Regular Fit Cl1055020,https://img-colinsrus.mncdn.com/mnresize/800/-/Assets/Russia/Originals/144579_0.jpeg?v=1680169866,https://www.colins.ru/p/zhenskye-short-bezhevj-regular-fit-cl1055020-34824,1299,Бежевый
